Standaard,Aangetroffen
akers,aackers
aambeelden,Aambeelden
aardewerk,Aardewerk
Abigaïl,Abigael
Abraham,Abraham
Abrahams,Abrahams
Abrahams,Abrams
Achtkantige,Achtcante
Achtkantige,Achtcanten
achten,Achten
achterkamer,achtercamer
Achtkantige,Achtkant
Achtkantige,Achtkante
Adam,Adam
,Adona
aker,Aecker
akers,Aeckers
aap,Aep
apenrokjes,Aeprockjes
aarde,aerde
aardewerk,Aerdewerck
afbeeldsel,afbeeltsel
afbeeldende,affbeeldende 
afbeeldinge,affbeeldinge
agaten,Agaate
Agamemnon,Agamemnon
Agricola,Agricola
albasten,Alabaster
albasten,alabasterde
albasten,Albastarde
albasten,albaste
albasten,Albasten
albasten,Albaster
albasten,albastere
albasten,albastert
albasten,Albastre
albertijn,Albertijn
albertijnen,Albertijnen
allerhande,allerhande
almenak,Almalack
almenak,almanach 
almenakbordje,Almanachbortje
almenak,Almenach
anatomia,Anatomia
Andromeda,Andromeda
,Andromica
Antheunis,Antheunis
Antheunis,Antheunis
antiek/antieke,Antic
antiek/antieke,anticque 
antiek/antieke,Antijck
antiek/antieke,Antijxe
antiek/antieke,Antique
aantrekker,Antrecker
antiek/antieke,Antycks
antiek/antieke,Antyq
appelboren,appelboren
appelbrader,Appelbrader
armslagen,armslagen
asaker,Asaker
asbezem,asbeesem
asketel,Aschketel
aspot,Aspot
"aspot, tang, ketting",Aspottangketting
asschep,asschep
asschep,Asschop
asscheppen,Asschoppen
atlas,Atlas
atlas,Attlas
avegaars,avegaers
avondmaal,Avontmael
bakerdoekjes,Baackerdoekies
bakermat,baackermat
baar,Baar
Babel,Babel
Bachus,Bachus
Bachusfeest,Bachusfeest
bak,Back
bakaker,Backaecker
bakaker,Backaker
bakakertje,Backakertje
bakken,Backen
bakker,Backer
banketjes,Backetges
bakje,backje
bak,bak
balans,Balance
baliemand,Baliemandt
ballen,Ballen
Balthazar,Balthazar
baliemand,Balymandt
balijnen,Balyne
bank,Banck
banken,Bancken
banketje,Bancketge
banketje,Bancketje
banketschilderij,Bancketschilderije
banketschilderitje,bancketschilderijtge
banketschilderitje,bancketschilderijtje 
banketje,banckettjes
bankje,Banckje
banket,bancquet
banketje,bancquetge 
banketstuk,bancquetstuck
banketje,bancquettie
banketje,bancquettien
bandjes,Bandekens
bandelier,bandelier
bandeliers,Bandeliers
band,Bandt
banketbordjes,banketbordekens 
banketje,banketjen
bankrijksdaalders,Bankrijcxdaelders
bankschroeven,Bankschroeven
banket,banquet
banketje,banquetgen
banketschilderij,banquetschilderije
banket,banquett
bordje,bardeken
barnstenen,Barnsteene
barnstenen,barnsteenen
batalje,Bataelje
batalje,batajlle
batalje,Batalie
bataljeschilderij,batalieschilderij
batalje,batalitien
batalje,Batalje
batalje,Battalie
bekken,Becken
bekkentjes,Beckentjens
beker,becker
,Beckien
bed,Bedde
beddenkleed,Beddecleet
beddenkleed,Beddekleet
bedden,Bedden
beddenpan,beddepan
beddenzak,Beddesack
beddenzakken,Beddesakken
beddensprei,Beddespree
bedje,Beddetien
bedje,beddetjen
,Bedealers
bedje,bedje
beddenpan,Bedpan
beddenzak,Bedsak
bedstee,Bedstede
bedstee,Bedstee
bed,Bedt
bedje,Bedtje
beddenlakens,Bedtlaeckens
beddenpan,Bedtpan
beddensprei,bedtspree
beker,beecker
bekers,Beeckers
bekertje,Beeckertje
beeld,Beeld
beeldjes,beeldekens
beelden,Beelden
beeld,Beeldt
beeld,Beelt
beeltenis,Beeltenis
beeldje,Beeltge
beeldjes,beeltgens
beeldje,beeltie
beeldjes,beeltiens
beeldje,Beeltje
beeldjes,Beeltjens
beeldjes,Beeltjes
,Beeltsels
beestje,beesje
beesten,Beesten
beestjes,Beestiens
beestjes,Beestjens
beestjes,Beestjes
bef,Beff
beffen,Beffen
behangsel,Behanghsel
behangsel,Behangsel
beitels,Beijtels
bekertjes,bekerties
bekertjes,Bekertjens
bel,bel
belblakers,Belblaeckers
bel,Bell
belletje,Belletje
belletjes,bellitjes
bergwerk,berghwerck
beschreven,beschreven
bezet,beset
beslag,Beslag
beslagen,Beslage
beslagen,Beslagen
beslag,beslagh
beslag,Beslagh
bezoarsteen,Besoorsteen
bestevaartje,bestevaertgen
bestevaartje,bestevaertje
betielen,betielen
betielen,betielens
betieltjes,betieltiens
beddenpan,Betpan
beugel,Beugel
beugels,Beugels
beugelstoel,Beugelstoel
beugelstoelen,Beugelstoelen
beugeltjes,Beugeltjes
beursje,Beursgen
beursje,Beursje
beursje,Beurssje
bevermof,bevermoff
bierglazen,Bierglaasen
bierglaasjes,Bierglaesjens
bierkan,Bierkan
Bijbel,Bijbel
Bijbeltje,bijbeltje
blaasbalg,blaasbalk
blakertje,blackertie
blaker,Blaecker
blakers,Blaeckers
blaasbalg,Blaesbalck
blauwe,blaewe
blaker,Blaker
blakertjes,blakerties
blakertje,Blakertje
blakertjes,Blakertjes
blauw,blauw
blauwe,blauwe
blikken,blicken
blikwerk,Blickwerck
blikwerk,Blikwerk
blok,Block
bloempotje,Bloembotjen
bloemen,Bloemen
bloemetjes,bloemetjens
bloemenmandjes,bloemmantiens
bloemenmandje,bloemmantjen
bloempot,bloempot
bloempotje,Bloempotge
bloempotje,bloempotgen
bloempotjes,Bloempotgens
bloempotje,Bloempotje
bloempotjes,Bloempotjens
bloempotschilderij,bloempotschilderij
bloempotschilderijen,bloempotschilderijen
bloempotschilderijtje,Bloempotschilderijtje
bloempotschilderijtjes,bloempotschilderijtjens
bloempotje,bloempottge
bloempotje,bloempottje
bloementuin,Bloemtuyn
bloed,bloet
bloedkoralen,Bloetcoralen
bloedkoralen,Bloetcralen
blok,Blok
blokschaar,Blokschaar
bloemenmandjes,Blommanties
bloemetjes,blommetjes
bloempot,blompot
bloempot,Blompoth
bloempotje,Blompotien
bloempotje,Blompotje
bloempotjes,Blompotjens
bloempotjes,blompotjes
bloempotje,blompottge
boek,Boeck
boekjes,Boeckjens
boekje,Boecxke
boekjes,Boecxkens
boedel,boedel
boeken,Boeken
boerenkermis,Boere kermisse
boerenkroeg,Boere kroegh
boerenschuur,boere schuijr
boerenbanket,Boerebanquet
boerenbruiloftje,boerebruylofftje
boerenbruiloft,boerebruyloft
boerenkeuken,Boerecoken
boerenkroegjes,boerecroegjes
boerendans,Boeredans
boerengezang,Boeregesangh
boerengezelschap,Boeregeselschap
boerengezelschapje,Boeregeselschapje
boerengezelschapjes,boeregeselschapjens
boerenkaartspel,boerekaertspel
boerenkermis,Boerekermis
boerenkeukentje,Boerekeukentie
boerenkeuken,Boerekoocken
boerenkeukentje,Boerekoockentje
boerenmaaltijd,boeremaltijd 
boeren,boeren
boerentapijt,Boeren tapijt
boerenkeukentje,boerencokentge
boerendans,boerendans
boerengezang,boerengesangh
boerengezelschapjes,Boerengeselschapjens
boerenhuis,Boerenhuijs
boerenhuis,Boerenhuys
boerenschuurtje,boerenschuurtge
boerenschotels,Boereschotels
boerenschuur,boereschuyr
boerenvrijage,boerevrijagie
boerinnentronie,Boerinetronie
boerinnetje,boerinnetgen
boerinnetje,Boerinnetje 
boertje,Boertje
boertjes,Boertjens
boezelaars,boeselaars
boezelaarsgoed,boeselaersgoet
bouteilles,Boeteljens
bouteilles,Boeteljes
boterschotel,boeterschotel
bokaal,bokael 
bombazijn,bombasijn
bombazijn,bombazijn
bundeltje,Bondeltje
bundeltjes,Bondeltjens
bont,Bont
boommutsen,Boommutsen
boord,Boord
boren,booren
boorijzers,boorijsers
boorschaven,boorschaven
boord,Boort
boordje,Boortgen
boordjes,Boortiens
boot,boot
bootje,bootje
bootje,Bootje
bordeeltje,bordeeltgen
bordeeltje,Bordeeltje
bordje,Bordeken
bordjes,Bordekens
bordeeltje,bordeltgen
borden,Borden
bordje,bordtje 
bordjes,Bordtjens
borduurwerk,borduerwerck 
boren,Boren
bordjes,boretges
bordje,Borretge
bordjes,borretgens 
bordjes,Borretiens
bordjes,Borritges
borst,Borst
borstel,Borstel
borsten,Borsten
borstflesjes,Borstflesjes
borsthemdjes,Borsthembtjens
borstkannetje,Borstkannetje
borstrok,Borstrock
borstrokken,Borstrocken
borstrokjes,Borstrockjens
borstrokjes,Borstrockjes
borstrokken,Borstroken
borstrokken,borstrokken
bord,Bort
borden,Borten
bordje,Bortge
bordje,Bortgen
bordjes,Bortgens
bordjes,Bortges
bordjes,bortichis
bordje,Bortien
bordjes,Bortiens
bordjes,Borties
bordje,Bortje
bordje,bortjen
bordjes,Bortjens
bordjes,Bortjes
bords,Borts
buskruitmaten,Boschkruijtmaeten
bosjes,Bosgens
bosjes,Bosjens
bossage,Bosschaetje
bossageschilderij,Bosschagieschilderij
bot,Bot
boterpot,boterpot
boterpotje,Boterpotje
boterpotjes,Boterpotjens
boterschaal,Boterschael
boterschoteltjes,boterscholtjes
boterschotel,Boterschotel
boterschotels,boterschotelen
boterschoteltjes,Boterschotelgens
boterschotels,Boterschotels
boterschoteltjes,Boterschoteltjens
boterpot,Botterpot
borat,Bourat
bouteilles,Bouteljes
bouten,Bouten
bout,Boutt
bouwen,Bouwen
bovenmutsje,Bovenmutsje
braadpan,Braatpan
Brabantse,Brabandze
Brabants,Brabants
Brabantse,Brabantse
braadlepel,Braedlepel
braadpan,Braedtpan
braadwerk,Braedwerck
breeuwijzers,braemijsers
braadpan,Braetpan
braadpan,Braetpanne
braadpannen,Braetpannen
braadpannetje,braetpannetje
braadspit,Braetspit
bragoenen,Bragoenen
branders,Branders
brandijzer,Brandijser
brandijzers,Brandijsers
brandemmers,Brandtemmers
brandhout,Brandthout
brandzakken,Brandtsacken
brand,Brant
brandijzer,Brantijser
brandje,Brantje
brandjes,Brantjes
brandzakken,Brantsacken
brandzakken,Brantsakken
brandschilderijtje,brantschilderijtje 
braceletten,Brasaletten
bracelet,Braselett
braceletten,Brasetten
brillen,Brillen
broekknopen,Broeckknoopen
broeder,broeder
broeivat,Broeijvat
broek,Broek
broeken,Broeken
brood,Brood
broodmandje,Broodemantgen
broodmandje,Broodtmantie
brood,Broot
broodbakken,Brootbacken
beugel,Buegel
beugelstokken,buegelstocken
buffet,Buffet
buikkussens,Buickkussens
bundels,Bundels
bundeltjes,Bundeltjens
bureau,Bureau
berrie,Burrij
busjes,Bussjens
kaart,Caart
kaarten,Caarten
kabas,Cabas
kabasfles,cabasfles
kabinetje,Cabinetje
Cadmus,Cadmus
kaart,Caert
kaartje,Caertge
kaartjes,Caertiens
kalamink,calemink
kalaminken,calleminke
kamelenkoppen,Cameelskoppen
kamelot,Camelot
Kamerijks,Camericx
kamizool,Camizool
kamizolen,Camizoolen
kanon,Canan
kanariekooi,Canariekouw
kandelaars,Candelaers
kandelaartje,Candelaertien
canvas,Canifas
kannen,Cannen
kannetje,cannetjen
kant,cant
kantjes,cantjes
kantoorkleed,Cantoorkleet
kantoortafel,Cantoortafel
kaper,caper
kapers,Capers
kapje,capijen
kapitalen,Capitalen
kapittelstokje,capittelstokje
kapstok,Capstock
karaat,caraat
,careant
carolienen,Carolijnen
carolussen,Carolussen
karpetdeken,Carpetdeecken
cassette,casjet
kas,Casse
kast,cast
kasteeltje,Casteeltje
kastje,Castgen
kastje,castjen
catechismus,Catechismus
katoen,catoen
katoen,Cattoun
,Cauwen
Ceasar,Cesar
charge,Charge
sjerp,Charp
chauffoir,Chaufoir
Ceres,Cheres
kristal,christal
van Christus,Christi
van Christus,Christij
Christus,Christus
Christustronie,Christustroni
Christustronie,Christustronie
van Christus,Christy
Cicero,Cicero
clavecimbel,Clave cimbel
chineesjes,Cineestjes
ceintuur,cintuur
ceintuurgesp,cintuurgesp
sitsen,Citze
klabbeken,clabbeeckijes
klabbeken,cladbeecktjes
klabbeek,cladbeeck
klabbeek,gladbeck
klabbeek,gladbeeck
klapmuts,clapmuts
klapmutsen,Clapmutsen
klapmutsjes,Clapmutsjens
klapmutsjes,clapmutsjes
klapmutsjes,clapmuttzjes
klapmuts,clapmutz
clavecimbel,Clavecimbel
clavecimbel,Clavesimbael
clavecimbel,Clavesimbel
kleren,clederen
kleren,clederens
kledingmanden,Cleermanden
kledingstokken,Cleerstocken
kledingstokken,Cleerstokken
kledingtafel,Cleertaeffel
kledingtafel,Cleertafel
kleed,Cleet
kleedje,cleetien
klikkers,Clickers
,clouxjens
kluchten,Cluchten
knaap,Cnaap
koffer,Coffer
koffertje,Coffertgen
koffiekan,Coffijkan
colloquia,Colloquia
kom,Com
komfoor,Comfoor
kommen,Commen
kommetjes,commetjes
kantoorstoel,Comptoirstoel
kantoortje,Comptoirtje
concordantie,Concordantie
komfoor,Confoor
konterfeitsels,conterefeijtsels
konterfeitsels,Conterfeijstels
konterfeitselschilderij,conterfeijtschilderije 
konterfeitsel,conterfeijtsel
konterfeitsels,Conterfeijtsels
konterfeitsel,conterfejtsel
konterfeitsel,conterfeytsel
konterfeitselschilderij,conterfijtschilderije
konterfeitselschilderij,conterfijtschilderijen
konterfeitseltjes,contirfeijtseltges
konterfeitsel,contrafeijtsel 
konterfeitsel,contrafeijtsels 
konterfeitsel,contrefeijtsel 
konterfeitsels,Contrefeijtsels
konterfeitsel,contrefeijtzel 
konterfeitseltjes,contrefeijtzeltiens
komfoor,Convoir
komfoor,convoor
kopjes,coopiens
koord,Coord
,coostjes
kop,Cop
koperen,coperen
koperplaatje,coperplaetje
kopjes,Copgens
kopie,Copie
kopietjes,copijties
kopjes,Copjes
koppen,coppen
kopje,coppjen
kopjes,coppjes
kopie,copye
kopietje,copytje
koraal,corael
koralen,Coralen
corset,Corchet
corsethaak,corchethaak
coralijne,Corlijne
corrigeerbank,Corrigeerbanck
corrigeertafel,Corrigeertaeffel
corset,Corsjet
corsethaken,corsjethaaken
cursief,Corssijff
cursief,Corrosijt
cursief,Corrosijf
coulant,coulang
kleurige,couleurde
kleurige,couleurden
kleurige,couleurt
kousen,cousen
kraaltjes,craaltjes
kraakkommen,Craeckkommen
kralen,Cralen
,crapper
kreeft,Creeft
kristallijne,Cristalijne
van Christus,Cristi
van Christus,Cristy
kroniek,Cronijck
crucifix,crucifix
crucifix,cruijcifix
kruis,cruijs
crusaten,Cruijsaden
crucifix,Cruijseficx
crucifix,cruycefix
crucifix,cruyseficks
crucifix,cruyseficx
crucifix,cruysefix
kuipjes,Cuijpgens
kunst,cunst
Cupido,Cupido
Cupidootje,Cupidootje
kussens,cussens
kustingsbrief,Custingsbrieff
de Ark van Noach,d'arke Noij
de Engelse groet,d'engelsche groet
daalder,Daelder
daalders,Daelders
Daiphilo,Daiphilo
damast,Damast
damasten,Damaste
Damiate,Damiaat
Danae,Danae
das,Das
dasjes,Dasjens
dassen,Dassen
dasjes,dassjes
David,David
David,Davidt
deken,decken
dekseltje,deckseltie
dekseltje,deckseltjen
decreetbrief,Decreetbrieff
deksel,Decxel
dekseltjes,Decxeltjens
deken,Deecken
dekens,Deeckens
degen,Deegen
degens,Deegens
deken,Deeken
degens,Degens
degen,Deghen
dekbed,dekbed
deken,Deken
dekentje,dekentie
deksels,Deksels
Delft,Delff
Delftse,Delffse
Delfts,Delfs
Democriet,Democriedt
deurslag,Deurslach
deurslag,Deurslagh
dekseltje,Dexeltje
diamant,Diamant
diamanten,Diamante
diamanten,diamanten
diamantje,Diamantje
diamantje,diamantjen
diamantjes,diamantjes
diamantsteentjes,diamentsteentjes
Diana,Diana
Dionisius,Dionisius
dissels,dissels
distileerketel,Disteleerketel
dobbelstenen,Dobbelsteenen
dobbelsteen,dobbesteen
documenten,Documenten
doek,Doeck
doeken,doecken
doekhuiven,Doeckenhuijven
doekhuiven,doeckhuijken
doekhuiven,Doeckhuijven
doekjes,doeckijes
doekhuiven,Doekehuijven
dompertje,Dompertje
doodskist,Doodskist
doofpot,Dooffpott
doofpotten,Dooffpotten
doofpot,doofpot
doofpotje,Doofpotje
doofpot,doofpotte
doopluier,Doopluyer
Doorniks,Doornix
doos,Doos
dozen,Doosen
doosje,Doosje
doosje,doosjen
dozen,Doossen
doodshemd,Doothembdt
doodspenning,Dootpenningh
doodschuld,Dootschult
doodshoofden,Dootshoffden
doodshoofd,Dootshoof
doodshoofd,Dootshoofd
doodshoofden,dootshoofden
doodshoofden,dootshooffden
doodshoofd,Dootshooft
doodshoofdschilderij,dootshooftschilderij
doek,Douck
draaisteen,Draaijsteen
draagbanden,Draeghbanden
draagband,Draeghbant
draagberrie,Draeghberre
drekwagens,Dreckwagens
drevelhamer,Drevelhamers
dreveltje,dreveltjens
driekoningengroetje,Drie-Koninghs-groetje
drieling,Drielingh
drielingschotels,Drielinghschotels
driepoten,Driepoten
drijfhamers,Drijffhamers
drielingen,Drijlingen
drieling,Drijlingh
drillen,Drillen
droogdoeken,Droogeldoecken
droogdoeken,Drooghdoecken
droogschuursters,drooghschuirsters
drooplepel,Drooplepel
drukpers,Druckpars
drukbak,Drukbak
Driekoningen,Dry Coningen
dubbele,dubbelde
ducaten,Ducaaten
ducaten,Ducaten
ducaton,Ducaton
duit,Duijt
duit,Duijt
duiten,Duijten
duit,Duit
ducaat,Dukaet
ducatons,Dukantons
ducaten,Dukaten
ducaton,Dukaton
dundoek,dundoeck
ebben,Ebbe
ebben,ebben
ebbenhouten,Ebbenhoute
ebbenhouten,Ebbenhouten
eiken,eecke
eiken,eecken
eikenhouten,Eeckenhoute
eiken,Eeken
eenhoornskussens,Eenhoornskussens
etenskastje,eetenskasje
effigies,effigies
Egypte,Egipten
Egyptische,Egiptische
eiken,eijcke
eiken,eijcken
eierlepeltjes,Eijcklepeltjens
eierbordje,Eijerbortje
eierlepeltje,Eijerlepeltje
eierpannetje,Eijerpannetje
eierrekje,Eijerrackje
eindje,eintjen
Elias,Elias
Elisabeth,Elisabeth
elisabethen,Elisabetten
Emaus,Emaus
emmers,Emmers
emmertje,Emmertje
engels,engels
engelbeeldjes,Engelsbeeldekens
Engelse,Engelsche
eendvogel,Entvogel
,Ertkan
,Erttkan
erf,Erve
erven,erven
essetjes,essentjes
Esther,Esther
Europa,Europa
Eva,Eva
evangelistenbordjes,evangelistbortjes
evangelisten,Evangelisten
Ecce Homo,Exe homo
eiermandje,Eyermantien
feiteltjes,Feijteltjens
felp,felp
festoen,Festoon
fatsoen,fatsoen
figuur,Figuer
figuren,Figuren
fijn,fijn
fijne,fijne
festoen,Fiston
flepjes,Flepjens
fleppen,Fleppen
fles,Fles
fles,Flesch
flesjes,Fleschjens
flesje,Flesjen
flesjes,Flesjens
flessen,Flesschen
fles,flesse
flessen,Flessen
flesjes,Flessjens
floret,florette
floretten,floretten
fluweel,flueel
fluiten,Fluijten
folio,Folio
Fontain,Fontain
Fontaine,Fontaine
fonteintje,fonteijntie
fontanelplaatje,Fontenelplaetje
formaat,Formaet
vormen,Formen
forketstok,forquetstock
forketstokken,forquetstocken
Franse,France
van Franciscus,Francisci 
Franciscus,Franciscus
fruitage,Fruijtage
fruitage,Fruijtagie
fruitage / fruitages,Fruijtagien
fruitages,fruijtasjes
fruitage,Fruijtatsie
fruitbakje,fruijtbackje
fruitmand,Fruijtmant
fruitmandje,Fruijtmantje
fruitschaal,Fruijtschael
fruitschalen,Fruijtschalen
fruitage,fruitagie 
fruitmand,Fruitmandt
fruitage,Frutage
fruitage,frutagie
fruitage,Fruytage
fruitageschilderij,Fruytageschilderij
fruitage,Fruytagie
fruitje,fruytien
fruitmandjes,Fruytmantiens
fruitmandje,Fruytmantje
fruitschaal,Fruytschael
fruitschoteltje,fruytschoteltge
fruitage,Fruyttage
fruitage,Fruyttagie
garen,gaeren
gaffel,Gaffel
galanterie,galanterie
gang,ganck
ganzenoog,gansenoogh
gordijnen,Gardijen
gordijnen,gardijnen
gordijnroeden,Gardijnsroeijen
gordijntjes,Gardijntjens
garen,Garen
Garamont,Garmont
gebakken,Gebacken
gebedenboekjes,gebeedeboeckjens
gebergte,Geberchte
geborduurd,geberduurt
gebergte,Gebergte
gebloemde,geblomde
beboetseerd,Geboetseert
geborduurd,geborduijrt
geborduurde,Geborduurde
geborduurd,Geborduurt
geborduurd,gebourdeurt
gebouwtjes,Gebouwtjens
gebroken,Gebroken
gebroken,gebroocken
gebroken,Gebrooken
gek,Geck
gekleurde,Gecouleurde
gedoodverfd,Gedootvert
gedreven,Gedreve
gedrukte,gedruckte
gekarteld,Gekartelt
geconterfeit,gekonterfeijdt
geld,Gelt
geldkist,Geltkist
gemeenschap,gemeenschap
genaaid,genaeijt
genaaide,Genayde
gepolijste,gepolijste
gepossideert,gepossideert
gereedschap,Gereetschap
gereedschappen,Gereetschappen
gerfschaafjes,gerffschaeffjens
gerfschaven,gerffscharen
gescheurd,Gescheurt
geschilderde,Geschilderde
geschilder,Geschildert
geschut,Geschut
geseling,Geselinge
gezelschapjes,geselschapgens
gezelschapje,geselschapien
gezelschapje,Geselschapje
gezelschapjes,geselschapjes
gezelschapje,geselschappjen
geslepen,Geslepen
gesp,Gesp
gespen,Gespen
gestoken (geborduurd),gesteecken
getekende,geteeckende
getekend,Geteijckent
getekende,Getekende
geverfde,geverffde
gevest,Gevest
gevogelte,Gevogelt
gevogelte,Gevogelte
geweven,geweven
gewichtje,gewichijen
gewicht,gewicht
gouden / Gouda,Ghoude
gietvlessen,Gietvlessen
,Gissen
glazen,Glaasen
glaasjes,glaasjens
glazen,glaesen
glaasje,Glaesje
glaasjes,Glaesjens
glas,Glas
glasbordje,glasbortjes 
glazen,Glasen
glasgordijnen,Glasgardijnen
glasgordijnen,Glasgordijnen
glasgordijntjes,glasgordijnties
glasgordijntjes,glasgordijntjes
glasgordijntjes,glasguardijntjes
glaasje,Glasien
glaasjes,Glasiens
glaswerk,Glaswerk
godinnen,Goddinnen
goederen,goederen
goed,goet
goed,Goet
Goliath,Goliat
gordijnen,Gordijen
gordijn,Gordijn
gordijnen,Gordijnen
gordijnen,gordijnnen
gorgelet,Gorgelet
gouden / Gouda,goude
gouden,gouden
goudgewicht,Goudgewicht
goud,Gout
goudguldens,Goutguldens
goudleer,Goutleer
goudsmidsgereedschap,goutsmitgereetschap
goudsmid,goutsmith
grauw,Graeu
grauwtje,graeutje
grauwtje,graeutjen
grauw stukje,Graeuw stuckje
grauwe,Graeuwe
graf,Graff
granaten,Granate
Granida,Granida
grauwtje,grautien
grauw,grauw
groen,groen
groene,groene
grof,groff
grofgreinen,groffgrijnen
grofgreinen,Grogreijnen
groot,groot
grote,groote
grote jacht,Groote jacht
grauw,grouw
gruis / Gruijs / kruis,gruijs
gordijnen,Guardijnen
gulden,gulden
guldens,Guldens
haakjes,haackijens
haak,Haak
haken,Haaken
haard,haart
haardijzer,Haartijser
haardsetje,haartsetjen
hakmes,Hackmes
hakmessen,hackmessen
haak,Haeck
haardijzer,Haertijser
haardplaatje,Haertplaetje
haardschutje,Haertschutje
Hagar,Hagar
Hagar,Hager
haarnaald,hairnaelt
halfmutsje,Halfmutsje
halsdoek,Halsdoeck
halsdoeken,Halsdoecken
halskussentje,Halskussentje
halsneusdoeken,Halsneusdoecken
halsje,Halssgen
halvemanen,halvemanen
Harman / Haman / Hanau,Haman
hamers,Hamers
hammetje,Hammetje
mannenhemden,Hamshembden
handblaker,Handblaecker
handblakers,Handblaeckers
handmouwen,Handmouwen
handdoeken,Handoeken
handbekertje,Handtbeckertje
handdoek,Handtdoeck
handdoeken,Handtdoecken
handdoekjes,Handtdoeckjens
handschoenen,Handtschoenen
hangende,hangende
hang,hangh
hangblaker,Hanghblaecker
hangijzer,Hanghijser
hangtrezoor,Hanghtresoor
hangijzer,Hangijser
handdoeken,Hantdoecken
handdoeken,Hantdoeken
handvesten,Hantfesten
handzagen,hantsagen
handschoenen,Hantschoenen
handschoentjes,hantschoentjes
herder,Harder
herderin,Harderin
herderin,harderinne
herderinnen,harderinnen
herdersbeeldje,hardersbeeldeken
herdersgewaad,hardersgewaadt
haarmutsje,harenmutzjen
haspels,Haspels
heften,Hechten
haardijzer,Heertijser
heften,Heften
hellebaard,Hellebaerd
hemden,hembden
hemd,Hembdt
hemdrok,Hembtrock
hemden,Hemden
hemd,Hemdt
hemelvaart,Hemelvaert
hemd,hemt
hemdrokken,Hemtrocken
hengsel,Henghsel
hengsel,Hengsel
hengsels,hengsels
Heracliet,Heracliedt 
Hercules,Hercules
herder,Herder
heugel,Heugel
Hiëronymus,Hieromymus
historie,Historie
historiën,Historien
historieschilderij,Historieschilderij
historieschilderijen,historieschilderijen
historieschilderijtje,Historieschilderijtje 
historieschilderij,historieschildery
historieschilderijtje,Historyschilderijtje
hoed,Hoed
hoeden,Hoeden
hoed,Hoedt
hoedband,hoedtbandt
hoenderkooi,Hoenderkouw
hoep,Hoep
hoepelrokken,Hoepelrokken
hoepje,hoepje
hoepring,hoepring
hoepringetjes,hoepringetjes
hoepring,Hoepringh
hoed,Hoet
hooi / Hoij / Hooij / Roij / Rooij,Hoij
Holefernes,Holefernes
Holefernes,Holoserius
hondenhok,Hondehock
hondje,Hontje
hoofden,Hooffden
hoofd,hooft
hoofdkussen,Hooftkussen
hoofdkussens,Hooftkussens
hoofdkussentjes,Hooftkussentjens
Hoornse,Hoornse
horloge,Horalogie
horentjes,Horentjens
horloge,Horloge
horloge,Horologie
horloges,horologies
hout,Hout
houtbakken,Houtbacken
houtskool,Houtcool
houten,Houte
houtskolen,Houtekoolen
zoutstelletje,houtstelletje
houtwerk,Houtwerck
houtwerk,Houwerk
heugeltje,huegeltie
huik,Huijck
huiken,Huijcken
huifjes,Huijffjens
huik,huijk
huiken,Huijken
kuipje,Huijmpje
kuipje,huijpje
kuipjes,huijpjes
huis,Huijs
huisboek,Huijsboeck
huizen,Huijsen
huiven,Huijven
hulletjes,Hulletjens
huurcedul,Huurcedull
huik,Huyke
ijzer,IJser
ijzeren,Ijsere
ijzerpothengsel,IJserpothenghsel
ijzers,Ijsers
ijzerwerk,Ijserwerck
ivoren,IJvore
ijzer,IJzer
ijzerdraad,IJzerdraat
ijzers,IJzers
inktpot,Inckpott
inktkoker,Incktkoker
ingelegd,Ingeleijt
inktpot,Inktpot
inlandsvaartje,Inlantsvaertje
innocent,Innocent
innocenten,Innocenten
innocentrok,innocentrock
instrumenten,Instrumenten
Isaac,Isaac
ijzerwerk,iserwerck
Italiaanse,Italaniaense
Italiaanse,Italiaanse
Italiaans,Italiaens
Italiaanse,Italiaense
Italiaanse,Italianse
jacht,Jacht
jachtje,Jachtge
jak,Jack
jakje,Jackgen
jakje,jackje
Jacob,Jacob
Jacobus,Jacobus
Jacobus,Jacobus
jacobussen,Jacobussen
jager,Jager
jakken,Jakken
Jan,Jan
Japans,Japans
Japanse,Japanse
japon,Japon
japon,Japon
Japanse,Japonse
Jefta,Jefpta
Hiëronymus,Jeronimus
Jezus,Jesu
Jezus,Jesus
Jezus,Jhesus
Johannes,Joannes
juffrouwstronietje,joffrouwstronytge
Joris,Joris
Jozef,Joseph
juffer,Juffer
juffer,Juffer
juffersgezelschapje,Juffersgeselschapje
juwelenkoffertje,juweelcoffertjen
juwelenkoffertje,Juweelkoffertje
juweeltje,Juweeltje
juwelen,Juwelen
kaas,Kaas
kabas,Kabas
kabasbakjes,Kabasbakies
kabasjes,Kabasjes
kabelring,kabelringh
kabinetje,Kabinetje
kachel,Kachel
kakstoel,Kackstoel
kakstoeltje,Kackstoeltie
kaarslade,Kaersla
kaarslade,Kaerslade
kaarslade,kaerslae
kaartjes,kaertiens
kaartje,Kaertje
kaasbakje,Kaesbackje
kornetmutsen,kametmutsen
kornetmutsen,karnetmutsen
kornetmutsen,cornetmutsen
kornetmuts,cornetmuts
kammenkokertje,Kammekoockertje
kan,Kan
kandelaar,kandelaar
kandelaars,Kandelaars
kandelaar,Kandelaer
kandelaars,Kandelaers
kan,Kanne
kannenbord,Kannebord
kannenbord,Kannebordt
kannenbord,Kannebort
kannenbordjes,kanneborties
kannetje,Kanneken
kannen,Kannen
kannetje,Kannetge
kannetje,kannetgen
kannetje,kannetie
kannetje,kannetien
kannetjes,kanneties
kannetje,Kannetje
kannetjes,Kannetjens
kannetjes,kannetjes
kaper,Kaper
kapers,Kapers
kapje,Kapje
kapjes,Kapjens
kapkettinkje,Kapkettinckje
kapluiers,Kapluijers
kapmandje,Kapmantje
kapstok,kapstock
kapstokje,Kapstockje
kapstok,Kapstok
carolien,Karolijn
karpetgordijn,Karpetgardijn
karpetsprei,Karpetspree
karpoes,Karpoes
kas / kast,Kas
kasdoeken,Kasdoecken
kasdoekjes,Kasdoeckjens
kasje / kastje,Kasje
kasjes / kastjes,Kasjens
kast,Kast
katoen,Kattoen
kaarslade,Keerslade
kelkjes,kelckijes
kelkjes,Kelckjens
kelkjes,Kelckjes
kerkstoel,kerckstoel
kerkstoelen,kerckstoelen
kerkstoof,Kerckstooff
kerkstoofje,Kerckstoofge
Kerstnacht,Kersnacht
ketel,Ketel
keteldeksel,Keteldecksel
keteldeksels,Keteldecksels
ketels,Ketels
keteltje,Keteltje
keteltjes,Keteltjens
keten,Keten
ketting,Ketin
kettinkje,ketincken
ketting,Keting
ketting,ketingh
kettinghaak,ketinhaak
kettinkje,Kettinckje
kettinkjes,Kettincxkens
ketting,ketting
ketting,Kettingh
kettinkje,Kettinghje
kettinkjes,kettingjens
kettinkje,Kettingsken
kettinkje,Kettinkje
keuken,Keucken
keukenschilderij,keuckenschilderije
keur,keur
keurslijf,Keurslijf
kevie,Kevier
kinderhoofdjes,kinderehooffgens
kinderhemdjes,kinderhembtjes
kinderkakstoel,Kinderkackstoel
kindermantal,Kindermantel
kinderschoenen,kinderschoenen
kinderendans,kindrendans
kinderhoofd,Kindshooffd
kinderkonterfeitsel,Kindskontrefeijtsel
,Kinmutsjes
kistjes,Kisjes
kiezelier,Kisselier
kiezelier,Kistelier
kist,Kist
kist,Kiste
kistje,Kistgen
kistje,Kistje
klapmuts,Klapmuts
klapmutsje,Klapmutsjens
klapmutsjes,klapmutsjes
klauwring,Klauwringh
kleren,Klederen
,kleecker
kleedje,Kleedge
kleedje,Kleedgen
klerenkast,kleerenkas
kleermanden,Kleermanden
kleerrek,Kleerreck
kleerzakken,Kleersacken
kleerschuier,Kleerschuijer
kleerstok,Kleerstock
kleerstokken,Kleerstocken
kleertafeltje,Kleertaeffeltje
kleed,Kleet
kleedje,Kleetgen
kleedje,Kleetje
kleinigheden,klijnigheden 
kleinodiën,klijnodien
klinkhamers,klinckhamers
kloot,kloott
,Kluijsgissen
knaap,Knaap
,kneusen
kuifmuts,Knijffmuts
kuifmuts,kuijffmuts
knijflesje,Knijpvlesje
knipbeugeltjes,knipbeugeltjes
knipjes,knipjes
knopen,Knoopen
knoopjes,Knoopjes
knop / knoop,Knop
knopen,knopen
knopjes / knoopjes,Knopjens
knopfles,knopvlesse
knopflessen,knopflessen
keuken / koeken,Koecken
koekenijzer,Koecxijser
koekenpan,Koecxpan
koekenpan,Koecxpannen
koekenpan,koekepan
koekenijzer,koekijser
koekplaatje,Koekplaatje
koelvat,Koelvadt
koetje,Koetgen
koetjes,Koetgens
koetswagen,Koetswagen
koeien,Koeyen
koffer,Koffer
koffertje,koffertie
koffertje,koffertjen
koffiekan,Koffijkan
koffiekopjes,Koffijkopjes
keuken,Koken
koker,Koker
kokosnoot,Kokernoot
kolder,Kolder
kolkdeksel,kolkdeksel
kom,Kom
kommetjes,kometjes
kommen,Kommen
kommetjes,Kommetjens
kommetjes,kommetjes
kompasje,Kompasje
koningsdaalder,Konincxdaelders
kunstboek,konstboeck
konterfeitseltjes,konterfeijtjeltjes
konterfeitsel,Kontrefeijtsel
konterfeitsels,kontrefeijtsels
konterfeitsel,Kontrefijtsel
komfoor,konvoor
keuken,Koocken
keukenschilderij,koockenschilderij
keukenschilderijtje,Koockenschilderijtje
kokertje,Koockertje
kookketels,Kookketels
koord,Koort
koordjes,Koortjens
kop,Kop
koper,Koper
koperen,Kopere
koperen,koperen
kopjes,Kopjens
kopjes,Kopjes
kop,koppe
koppen,Koppen
kopjes,koppjes
kopstuk,Kopstuck
kopstukken,Kopstucken
kousen,Kousen
kousjes,Kousjens
kousen,Koussen
kooi,Kouw
kooien,Kouwen
kooitjes,Kouwetgens
,Kouwse
kraakkap,kraackkap
kraakkommen,Kraeckkommen
kraanzaag,Kraensaegh
kraanzaagheften,Kraensaeghheften
kraanzagen,kraensagen
kragen,Kragen
kragen,Kraghen
krampringetje,Krampringetje
kranen,Kranen
,Krantjes
kribbebedje,Krebbeddetien
kransen,Krenssen
krijt,Krijt
krijtrolletjes,krijtrolletjens
kristallen,Kristallen
kroes,Kroese
kroesje,Kroesje
kronen,Kronen
kronen,Kroonen
kroontje,Kroontje
kropbootje,Kropbootje
kroplap,Kroplap
kruiken,kruijcken
kruidhoorntje,Kruijdshoorntje
kruidboek,Kruijdtboeck
crucifix,Kruijsjefix 
kruisrijksdaalders,Kruijsrijcxdaelders
kruiddoos,Kruijtdoos
kruiddoosje,Kruijtdoosje
kruidvaten,kruijtsvaeten
kruiwagens,Kruijwagens
krukken,Krukken
krullen,krullen
crusaat,Krusaet
crucifix,kruysefix
crucifix,kruysseficx
kuip,Kuijp
kuipje,Kuijpje
kuitgespen,kuijtgespen
kunst,kunst
,kurkje
kussens,Kussens
kussentje,kussentie
kussentje,Kussentje
laken,laacken
lakens,laackens
lakense,laackense
laadje,laatjen
laadjes,laatjes
labaar,Labaer
labaren,Labaren
labbekakken,Labbekacken
labbekaksschalen,Labbekacks schaelen
lakwerkse,lackwerckens
laddertje,Laddertje
lade,Lae
laken,Laecken
lakentjes,Laeckentjens
laarsen,Laersen
lamp,Lampe
lampen,Lampen
lampenblaker,lampenblaker
lampet,lampet
lampetschotel,Lampetschotel
lampetschotels,Lampetschotels
lampetten,Lampetten
lampje,Lampje
langwerpig,lanckwerpich
langwerpige,Lanckwerpige
landschapje,Landschapje
landschapjes,Landschapjens
landschapsschilderijtje,Landschapschilderijtje
landschapje,landschaptien
landschapjes,landschaptjens
landschap,landtschap
landschappen,Landtschappen
landschapje,landtschappien
landschapje,landtschappjen
langwerpig,langhwerpich
langwerpig,Langwerpigh
lantaarn,Lantaren
lantaarntje,Lantarentje
lantaarntjes,lantarentjes
lantaarn,Lanteerne
lantaarns,Lanterens
landschap,Lantschap
landschapje,Lantschapge
landschapje,lantschapgen
landschapjes,Lantschapgens
landschapje,lantschapie
landschapje,Lantschapje
landschapjes,Lantschapjens
landschapje,lantschapken
landschap,Lantschappe
landschappen,Lantschappen
landschapsschilderij,lantschappen-schilderij
landschapje,Lantschappge
landschapjes,Lantschappgens
landschapje,Lantschappien
landschapje,lantschappje
landschap,Lantschaps
landschapsschilderij,Lantschapschilderij
landschapsschilderij,lantschapschilderije
landschapsschilderijen,Lantschapschilderijen
landschapsschilderijtje,lantschapschilderijtge 
landschapsschilderijtje,Lantschapschilderijtgen
landschapsschilderijtje,Lantschapschilderijtje
landschapsschilderij,lantschapschildery
landschapje,lantschapyen
lap,Lap
lapje,Lapgen
lapjes,Lapgens
lapje,Lapje
lapjes,Lapjens
lappen,Lappen
lapje,lappjen
lapjes,lappjens
Lazarus,Lasaris
,latatjen
laadjes / latjes,latjens
latten,Latten
lavendel,Lavendel
Lazarus,Lazari
Leckerbeetje,Leckerbeetien
Leckerbeetje,Leckerbeetje
ledikant,Ledecant
ledikant,Ledekant
,Leden
lepels,Leepels
leren,Leere
leeuw,Leeu
leeuw,Leeuw
leeuwerikskooi,Leeuwerixkouw
leeuwtjes,Leeuwtjens
leeuwtjes,leeuwtjes
legatuur,legatuijr
legendeboek,Legendeboeck
legerstukje,Legerstuckje
leien,Leijen
lijst,Leijst
lepels,Lepel
lepelbord,Lepelbort
lepelhuis,lepelhuijsje
lepels,Lepels
lepeltje,Lepeltje
lepeltjes,Lepeltjens
lessenaar,Lessenaer
letter,Letter
letters,Letteren
letters,Letters
livreikoord,Levereijkoort
lidden,Lidtten
Lieve-Vrouwtje,Lieve Vrouwtgen
Lieve-Vrouwebeeldje,Lieve-Vrous-beeldtje
Lieve-Vrouwebeeld,Lieve-Vrouwenbeelt
lijfje,Lijffgen
lijfrentebrief,Lijffrentebrieff
lijnwaad,lijnwaat
lijnwaad,lijnwaet
lijnwaden,lijnwate
lijstjes,lijsgens
lijst,Lijst
lijst,Lijste
lijsten,lijsten
lijstgen,Lijstgen
lijstjes,lijstjens
lijnwaad,Lijwaet
linkermandjes,Linckermantgens
linnen,linden
linnenwerk,lindenwerck
linnenwinkel,lindenwinckel
linnenwerk,lindewerck
linnenwinkel,lindewinckel
lintje,Lindje
linnen / linie,Linien
linnen,Linne
linnen,Linnen
linnenwerk,linnenwerck
linten,Linten
linten,Lintten
lid,Lit
lid,Litt
lid,litte
lobbendozen,Lobbedoossen
lobbetjes,Lobbekens
lobben,Lobben
loden,Looden
loogborstel,Looghborstel
loopspit,Loopspit
lood,Loot
lood,Loot
loodwerk,Lootwerk
lopers,Lopers
losrente,Losrente
Lot (persoon) / lot,Lot
Lot (persoon),Loth
lubben,Lubben
luier,Luijer
luiermanden,luijermanden
luiermand,Luijermandt
luiermandskastje,Luijermanskasje
luiermandje,Luijermantie
luiertjes,Luijertjens
luiwagen,Luijwagen
luiten / Luiten,Luitten
lussen,Lutsen
lijstje,lysge
lijst,Lyst
lijsten,Lysten
lijstje,Lystgen
maantjes,maantjes
machaier,machaijer
maagden,maechden
maneschijn,Maeneschijn
maantje,Maentge
maantje,Maentje
maten,Maeten
Magdalena,Magdalena
mallen,mallen
mand,Mand
mandjes,Mandekens
mandenwerk,Mandewerck
maneschijn,Manescheijn
maneschijn,Maneschijn
maneschijntje,maneschijntgen
maneschijntje,Maneschijntie
maneschijntje,maneschijntje
maneschijn,Maneschyn
mangelbord,Mangebordt
mangelbord,mangelboort
mangelborden,Mangelborden
mangelstok,Mangelstock
maneschijntje,manneschyntge 
mannen-,mans
mannenbeffen,mansbeffen
mannenkleren,mansclederens
mannenkonterfeitsel,manscontrefeijtsel 
mannenkonterfeitsel,manscontrefejtsel
mannenhemden,Manshembden
mannenhemden,manshemden
mannenhoofd,Manshooft
mannenhorloge,manshorloge
mannenkleed,Manskleedt
mannenmutsen,Mansmutsen
mannenonderkleren,Mansonderklederen
mannenrok,Mansrock
mannenrok,mansrok
mannentronie,manstronie 
mannentronie,Manstronien 
mand,Mant
mantel,Mantel
mantels,Mantels
mantelstokken,Mantelstocken
manteltjes,Manteltgens
manteltje,Manteltje
mandje,Mantien
mandje,Mantje
mandjes,Mantjens
marktemmers,Marcktemmer
marktemmers,Marctemmers
Maria,Maria
Mariabeeld,Mariabeeldt
Mariabeeldje,Mariabeeltje
Mariaboodschap,Mariabootscap
Mariabordje,Mariabordeken
Mariabeeldje,Marienbeeltien
Mars,Mars
marktemmer,Martemmer
Maria,Marya
Mariabeeldje,Maryenbeelken
Mariabeeld,Maryenbeelt
mat,Mat
matje,Matje
matras,Matras
matrasjes,matrasjes
matstoel,matstoelen
matstoeltjes,Matstoeltjens
mat,Matt
mat,Matte
matten,Matten
matras,Mattras
medicijnboek,Medicijnboeck
memoriaalboek,Memoriaelboeck
memoriaalboekje,Memoriaelboecxke
memoriaalboekje,Memorieboecxke
mengelskannen,Mengelskannen
Mercurius,Mercurius
mes,Mes
mesjes,Mesjens
messenkoker,Messekoocker
messen,Messen
Messias,Messias
mesjes,Messjens
missiven,Missiven
missiven,Missivens
Moezelwijn,Moesselwijn
mof,Mof
mof,Moff
moffenkas,Moffekas
moffel,Moffel
mofje,mofje
monsters,monsters
monstertjes,monstertjes
mokers,moockers
moor,Moor
morinnetje,Moorinnetje
moorman,Moorman
marmer,Mormer
mortier,Mortier
moskuils,moskels
moskuil,moskel
moskuil,mosquil
mostschaaltjes,Mosschaeltjens
mostschaaltjes,Mosschaeltjes
mosterdlepeltje,Mostartlepeltje
mosterdpot,Mostartpot
mosterdpotje,Mostartpotje
mosterdpot,Mostartpott
mosterdpotten,Mostartpotten
mosterdpot,mosterbot
mosterdpot,mosterpotte
mosterdpot,Mostertpodt
mosterdpot,Mostertpot
mosterdpot,Moszertpot
mutsen,motzen
moude / mout,Mout
mouwtjes,Moutjes
mouw,mouwe
mouwen,Mouwen
mouwknoopjes,mouwknoopjes
munt,Munt
muts,Mus
mutsjes,Musjes
musket,Musquet
muskets-,musquets
musketten,Musquetten
muziek,Musyq
muts,Muts
mutsen,Mutsen
mutsjes,Mutsjens
mutsjes,Mutsjes
mutsje,Mutzien
naaidoosje,Naaijdoosje
naald,naalt
nachtbegijntjes,Nachtbagijntjes
nachthalsdoek,Nachthalsdoeck
nachthalsdoeken,Nachthalsdoecken
nachthalsdoeken,Nachthalsdoeken
nachtje,Nachtien
nachtschilderijtje,nachtschilderijtje
naakte,Nackte
naakt,Naeckt
naakte,Naeckte
naakten,Naeckten
naakt,Naect
naakte,Naecte
naakte,naekte
naaldenkokertje,Naeldekokertje
naaldenkoker,Naeldekoocker
naalden,Naelden
naald,Naelt
naaldwerk,naeltwerck
nachthalsdoek,nagthalsdoek
nachtmutsen,Nagtmutsen
naaikussen,Naijkussen
,Namy
napje,Napje
nappen,Nappen
neerstikken,neersticken
neerstikjes,neerstickjes
neerstikken,Neerstikken
neerstikken,Neerstucken
naaimandje,Neijmantien
naaimandjes,Neijmanties
neteldoekje,Neteldoekje
netten,Netten
neusdoeken,Neusdoecken
neusdoek,neusdoek
neusdoeken,Neusdoeken
notenbomen,Neutenbomen
nobel,Nobel
nobels,Nobels
notenbomen,nooteboome
nopjes,noppjens
nopjes,noppjes
nota,Nota
notenbomen,Notebome
obligatie,Obligatie
obligaties,Obligatien
octaaf,Octaef
octaafbijbeltje,Octaefbijbeltje
octavo,Octavo
oesterbanketje,oesterbancketje
oesterbanketje,oesterbancquetge
offerande,Offerhande
oreilletten,oilietten
horloge,Oirlogie
oorringen,oirringen
oorringetjes,Oirringetjes
,ojisten
,ojistjens
oliekan,Oliekan
oliekannetje,Oliekannetje
olijfhouten,Olijffehoute
oliekan,Olijkan
oliekannetje,Olijkannetje
oliepotjes,Olijpoties
oliepotje,Olijpotje
oliepotjes,Olijpotjens
oliestenen,Olijsteenen
olifant,Oliphant
ontbijt,Onbijt
ontbijtschilderij,Onbijtschilderij
onderbroek,Onderbroeck
onderbroeken,Onderbroecken
onderbroek,onderbroek
onderkleren,Onderklederen
onderkleed,Onderkleet
onderkousen,Onderkousen
ondermouwtjes,Ondermoutjes
ondermutsen,Ondermutsen
onderriem,Onderreem
onderriem,Onderriem
onderriemen,Onderriemen
onderrok,Onderrock
onderrokjes,Onderrockjens
onderrokken,Onderrokken
ondersteekbekken,Ondersteeckbecken
ondersteekbekken,Ondersteeckbeckien
ongeslepen,ongeslepen
Onze Lieve Vrouwe,Ons lieve vrou
ontbijtje,Ontbeijtjen
ontbijt,Ontbijt
ontbijtje,ontbijtenge
onweer,onweer
oogje,Oogje
oorkussens,Oorcussens
oorijzer,Oorijser
oorijzertje,Oorijsertje
oorkussens,Oorkussens
oorstukjes,oorstuckijens
oosterse,Oostersche
Oostindische,Oostindische
opera,Opera
oproerpenning,Oproerpenning
optrek,optreck
opwekking,Opwecking
opwekking,Opweckingh
Ordeel van Paris,Ordeel van Paris
ordonnantie,Ordonnantie
oreilletten,Orlietten
horloge,Orlogie
ossen,Ossen
ossen,Ossen
Oostindische,ostiniensse
oude mannenkleren,oudemansklederen
ovaal,ovaal 
ovaaltje,ovaeltge
ovaaltje,ovaeltje
ovaaltjes,Ovaeltjens
ovalen,ovale
ovalen,Ovalen
overmouw,Overmouwen
overzetting,Oversettingh
overtreksels,Overtrecksels
parels / paarlen,paarlen
pareltjes,paarltjes
pak,Pack
pakjes,Packjens
paandertjes,Paendertgens
paarden,Paerden
parels / paarlen,paerlen
pareltje,paerltje
pareltjes,paerltjes
paard met man,paert met man
palmboren,Palmboren
pan,Pan
pendant,pandant
pendanten,pandanten
pendantjes,Pandantjes
paneel,Paneel
panelen,Panelen
ponjetten,Panjetten
pannenkoekspan,Pankoekspan
paneel,Panneel
pannenkoekspan,Pannekoeckspan
pannen,Pannen
pannetje,pannetie
pannetje,pannetjen
papegaaiekop,Papegaijekop
papegaaiekopjes,Papegaijekopjes
papegaaiekoppen,Papegaijskoppen
,papers
papier,Papier
papieren,Papiere
papieren,Papiere
papieren,Papieren
paplepeltje,Paplepeltje
perkament,parckement
pareltjes,Pareltjes
Paris oordeel,Paris oordeel
parelmoer,Parlemoer
Parnassus,Parnassus
pareltjes,parreltjens
Parijse,Parrijsse
pers,Pars
persje,Parsgen
persje,Parsje
persen,Parssen
part,Part
parten,parten
partij,partheij
partij,parthij
partijtje,parthijtjen
partijtje,partijtjen
pruik,Paruijck
pruiken,Paruijcken
paskaart,paskaert 
paskaart,Paskaerte
passers,passers
passie,passi 
passie,Passie
porseleinen,pasteleijne
porselein,pastelijn
paternoster,Paternoster
patrijs,patrijs
patrijsje,patrijsgen
patronen,Patroonen
patroonkast,Patroonkas
,patryshent
Paulustronie,Pauli-tronie
Paulus,Paulus
perenflesje,Peerevlesje
parels / paarlen,peerlen
parelspelden,peerlspelden
pareltjes,peerltjes
pij,Peij
peluwlaken,peiluwlaecken
pelerine,pelerine
pelterij,Pelterije
pen,Pen
panelen,Penelen
peluwsloop,penlsloop
pennen,Pennen
penning,Penning
penningen,Penningen
penning,Penningh
penninkje,Penninxcke
pentekening,penteeckeningh
pentekening,penteijckeningh
peperbusje,Peperbosje
peperdoosje,Peperdoosje
peperdoosje en,peperdoosjeen
parel,perel
parelspelden,perelspelden
Perzische,persiaense 
personage grote schilderijen,personagie-groote-schilderijen
perspectief,perspecktief 
perspectief,Perspectief
perspectief,Perspectieff 
perspectiefjes,perspectieffjens
perspectiefje,Perspectiefje
perspectief,perspectyf 
perspectief,perspectyff 
Petrus,Petrus
peluwlakens,Peuleulakens
peluwen,Peullen
peluw,peulu
peluw,Peulue
peluwlakens,Peuluelakens
peluwen,Peuluen
peluwlakens,Peululakens
peluw,Peuluw
peluw,Peuluwe
peluwlakens,Peuluwlaecken
peluwlakens,Peuluwlaeckens
peluwen,Peuluws
peluwlakens,Peuluwslaeckens
philipsgulden,Philipsgulden
piek,Piek
pieken,Pijcken
pijp,Pijp
pijpen,Pijpen
pijpkannetje,Pijpkannetien
pintskannen,Pintskannen
pijpjes,pipiens
Piramis,Piramis
pistolen,Pistolen
pistolet,Pistolet
pistoletten,Pistoletten
plaat,plaat
plaatje,plaatken
plakkaten,Placcaten
plaat,plaet
plaatjes,Plaetjens
plaatjes,plaetjes
pleister,Plaijster
plezierkoppen,Plaisierkoppen
plano,Plano
platelen,Plateelen
platen,platen
platte ijzers,Platteijsers
platelen,Plattielen
pleister,playster
pleistere,playstre
pleister,Pleijster
pleisterbeelden,Pleijsterbeelden
pleisterwerk,Pleijsterwerck
ploegjes,Ploegjens
pluim,pluijm
pluimen,Pluijmen
pluimkussen,Pluijmkussen
plundering,Plundering
poederdoos,Poeijerdoos
poederkwast,Poejerquasten
poetische,poetische
punctueren,Poinctueren
portret,Poirtret
,Polderij
peluw,polouw
Pomona,Pomona
ponjetten,ponijetten
ponjetten,Ponjetten
popjes,Popjens
popjes,Popjes
pop,Poppe
poppengoed,poppegoed
poppengoed,Poppegoet
poppengoedijzers,Poppegoetijzers
poppenkastje,Poppekasje
poppengoed,poppengoet
poppenzoutvaatjes,poppesoutvaetjens
porselein,Porceleijn
porseleinen,porceleijne
porselein,Porcelijn
porseleinen,Porcelijne
perspectief,porspectiff
portret,portredt
portretten,portretten
porselein,postelijn
posten,Posten
,postert
pot,Pot
potdeksels,Potdecksels
potgeld,Potgelt
pothengsel,Pothenghsel
pothengsel,pothengsel
potje,Potje
potjes,Potjens
potlood,Potlood
potlood,Potloot
potpenningen,Potpenningen
potpenninkje,Potpenninghjes
pot,Pott
pottenbank,pottebanck
potten,Potten
potje,pottjen
portret,Pourtrait
predikantsbordjes,predicantsborretgens
predikantsbordjes,predicantsbortjens
predicatien,Predicatien
predikantsbordjes,Predikantbortjens
preekstoel,Preeckstoel
preekstoelen,Preeckstoelen
prent,preint
prent,Prent
prentbordje,Prentbortje
prentbordje,prentbortjens
prentbordje,prentbotje
prentbord,prentebort
prenten,prenten
prentborden,princteborden
prent,Print
prentbordjes,Printebordtjens
prentbordje,printeborretge
prentbordjes,printeborretgens 
prentbordjes,printeborritjes 
prentbordjes,printebortjens
prenten,printen 
prentjes,printgens 
prentjes,Printiens
prentje,Printje
prentjes,Printjes
prenten,printten
processtukken,Processtucken
proefzilver,proeffsilver
pronkkussens,Pronckkussens
profeet,prophet
perspectief,prospectyf
prullen,Prullen
prulletjes,prulleties
prulletjes,prulletjes
psalmboekje,Psalmboeckje
peluw,Puele
peluwlakens,puelelackens
peluwen,Puelen
,Puijnsteen
peluwen,Pulluwen
punthaken,punthaaken
puthaak,Puthaack
piek,Pyck
quadrille,quadrielje 
guarde equus,quarde quus
kwartje,Quartje
quarto,Quarto
kwast,Quast
kwasten,Quasten
kwijtschelding,Quijtscheldingh
quintijn,quintijne
rekken,racken
rekje,Rackje
rekjes,Rackjens
ragebol,Raeghboll
raamschaafjes,raemschaefjens
rariteiten,Rariteijten
rasp,Raspe
raspjes,Raspjens
,Raven
reaal,Reael
Rebecca,Rebecca
rechtbank,rechtbanck
rechtbankje,Rechtbanckje
,Recipisse
rekje,reckijen
rekplaat,Reckplaet
rekeningen,Reeckeningen
regenkleed,reegekleet
regenkleed,Regenkleet
reismantel,Reijsmantel
reismanteltje,Reijsmanteltge
reismanteltje,Reijsmanteltje
reisrok,Reijsrock
reiszak,Reijssack
reiszak,Reijssak
reiszakje,Reijssakje
rijven,reiuen
rekje,Rekje
realen,Rialen
rijksdaalders,Rijcxdaelders
rijder,Rijder
rijders,Rijders
rijdrok,Rijdtrock
rijf,Rijff
rijglijven,Rijghlijven
rijgnaalden,rijgnaalden
rijksdaalders,Rijksdaalders
rijschaven,rijschaven
reiszakje,rijssakken
rijdrok,Rijtrock
rijdrok,rijtrock
ring,rinck
ring,ring
ringen,Ringen
ringetjes,ringeties
ringetje,Ringetje
ringetjes,Ringetjens
ringetjes,ringetjes
ring,Ringh
ringen,ringhen
robijntjes,robijntjens
robijntjes,robijntjes
rok,Rock
rotsachtig,rodtsachtich
roede,roe
,Roeck
roede,roede
roeden,Roeden
roef,Roef
roeien,Roeijen
roemer,Roemer
roemers,Roemers
roffelschaven,roffelschaven
rok,Rok
rok,Rokke
rol,Roll
rolletjes,Rolletgens
rolletjes,Rolletjens
rolwagens,Rolwagens
rolwagentjes,Rolwagenties
Romein,Romeijn
Romeins,Romeijns
roemer,Romer
roemers,Romers
rommeling,Rommeling
rondjes,rondekens
rondjes,rondetjens
rode,roode
rode,rooden
roemer,Roomer
roosjes,Roosjens
rooskom,Rooskom
rooskommen,Rooskommen
roosring,Roosringh
roosjes,Roossjens
rooster,rooste
roosters,Roosters
rooswerk,rooswerck
rood lakense,rootlaackense
rosenobels,Rosenobels
rooster,roster
rots,Rots
Rotterdamse schotels,Rotterdamse schotelen
rotting,Rottingh
rottingknop,rottingknop
rouwbanden,Roubanden
rouwjapon,rouw Japon
rouwjaponnen,rouw Japonnen
rouwmantel,Rouwmantel
rouwmantels,Rouwmantels
roverij,Roverij
roverij,Roverije
roverijtje,roverijtge
roverijtje,roverijtien
Ruth,Rudt
ruïnetje,Ruijntje
ruiter,Ruijter
ruitertje,Ruijtertie
ruïne,Ruine
ruïnetje,ruinentje
rustbank,Rustbanck
ruïne,Ruwien
ruïne,ruwyn
ruïnetje,ruwyntgen
ruïnelandschapsschilderij,Ruyn-lantschapschilderij
ruïnetje,Ruyntge
ruïnetje,Ruyntje
ruiters,ruyters
ruiters,Ruyters
,sabelste
zak,Sack
sakerdanen,sackerdaanen
zakhorloge,sackhorologie
zakjes,Sackjens
zakjes,Sackjes
zakneusdoeken,Sackneusdoecken
zakje,sacksken
zakje,Sacxke
zaag,Saegh
zaagheften,saeghheften
saai,Saeij
zagen,sagen
saaien,Saije
zakdoekje,Sakdoecken
sakerdanen kast,sakredanekas
slaemmer,Salaetemmertje
psalmboekje,salmboekje
Salomon,Salomon
Salomons,Salomons
salvator,Salvator
samaar,samaar
samaar,Samaer
samaartje,samaertie
Samaria,Samarien
Samaritaans,Samaritaans
Samaritaan,Samaritaen
Samaritaans,samaritaens 
Samaritaanse,Samaritaense
Samaritaans,Samaritiaens
Samson,Samson
santee,Sante
santeeën,Santeen
zandzeef,Santseef
safier,saphier
,Sarepta
servet,Sarvet
servetgoed,Sarvetgoet
servetten,Sarvetten
servetjes,Sarvietjens
servet,Sarviett
servetten,Sarvietten
saters,saters
satertjes,Satierties
sater,satyr 
saters,Satyrs
saucieren,Saucieren
sauciertje,Sauciertje
sauciertjes,Sauciertjens
sauciertjes,Sauciertjes
saucieren,Sausieren
sauciertje,Sausiertje
sauciertjes,sausiertjens
schalen,scalen
,schaald
schaaltje,Schaaltje
schaaltjes,schaaltjes
schaar,Schaar
schaartje,schaartie
schabel,schabel
schabelletje,schabelletie
schabeltafeltje,Schabeltaefelken
schaafbeitels,schaeffbeijtels
schaafjes,Schaeffjens
schaafjes,Schaefjens
schaal,Schael
schalen,Schaelen
schaaltje,Schaeltgen
schaaltjes,schaeltiens
schaaltje,Schaeltje
schaaltjes,Schaeltjes
schaapjes,Schaepjens
schaar,Schaer
schaartje,schaertje
schaatsen,schaessen
schalen,Schalen
schelpachtige,Schalpachtige
scharen,Scharen
scherfbord,Scharffbort
schaven,Schaven
schavotje,Schavotje
scheepjes,Scheepgens
scheepjes,Scheepjes
scheepjesschellingen,scheepjesschillingen
scheepsschilderijtje,scheepschilderijtge
scheepsschilderijtjes,scheepschilderijtjes
scheepstekeningen,Scheepsteeckeningen
scheepvaart,scheepsvaert
scheepvaartjes,scheepvaertjes 
scheerbekken,Scheerbecken
scheerdoekje,Scheerdoecken
scheerstoelen,Scheerstoelen
scheidingen,Scheijdingen
schel,Schel
schilderij,schelderije 
schel,Schelle
schelletje,Schelletje
schellingen,Schellingen
schelp,Schelp
schenkborden,schenckborden
schenkbordje,Schenckbortje
schenkkan,Schenckkan
schenktafeltje,Schencktaeffeltje
schenkbord,Schenkbord
schenktafeltjes,schenktafelties
schepbekkentje,schepbeckentje
schepenenkennis,schepenenkennisse
schepenenkennis,Schepenkennis
schepenenkennissen,Schepenkennissen
scherfbord,Scherffbort
schilden,Schilden
schilder,Schilder
schilderij,Schildereij
schilderijen,Schildereijen
schilderijtjes,Schildereijkens
schilderijtjes,schildereijtjes
schilderij,Schilderie
schilderijen,Schilderien
schilderij,Schilderij
schilderijbordjes,schilderijbortiens
schilderij,Schilderije
schilderijen,Schilderijen
schilderijkassen,schilderijkassen
schilderijtje,schilderijken
schilderijtjes,Schilderijkens
schilderijtje,Schilderijtge
schilderijtje,Schilderijtgen
schilderijtjes,Schilderijtgens
schilderijtjes,schilderijtges
schilderijtje,Schilderijtie
schilderijtje,Schilderijtien
schilderijtjes,Schilderijties
schilderijtje,schilderijtje
schilderijtjes,schilderijtjens
schilderijtjes,Schilderijtjes
schilderijtjes,schilderijtjes
schilderijtje,schilderiken 
schilderijtje,schilderitge
schilderijtjes,schilderitges
schilderijtje,Schilderitje
schilderij,schildery
schilderij,schilderye
schilderijen,Schilderyen
schilderijtje,schilderyken
schilderijtje,schilderytge
schilderijtje,schilderytgen
schilderijtjes,schilderytgens 
schilderijtjes,Schilderytges
schilderijtje,Schilderytie
schilderijtje,Schilderytje
schilderijtjes,Schilderytjes
schilderijen,schilerijen
schildpadden,Schillepade
schellingen,Schillingen
schildpad,Schilpad
schildpadden,Schilpadde
schildpadden koffertje,Schilpatskoffertje
schildpadden,Schiltpads
schipbreuk,schipbreuck
schoen,Schoen
schoenen,Schoenen
schoengespen,schoengespen
schoenneuzen,schoenneussen
schoentjes,Schoentjes
chocoladekopjes,schokolaetkopjes
schoteltje,Scholteltie
schoorsteenkleed,Schoor steencleet
schoorsteen,Schoorsteen
schoorsteenkleedje,schoorsteencleetje
schoorsteenkleden,Schoorsteenkleden
schoorsteenkleed,Schoorsteenkleet
schoorsteenvalletje,schoorsteenvalletje
schoorsteenval,Schoorsteeval
schotels,Schootels
schop,schop
schopje,Schopje
schoorsteenveger,schorsteenveger
schoorsteenkleed,schorstiencleet
schort,Schort
schorteldoeken,Schorteldoecken
schorteldoek,Schorteldoek
schort,Schortt
schotels,Schotelen
schoteltjes,schoteljes
schotels,Schotels
schoteltjes,schoteltjes
schoteltje,Schottelien
schoteltjes,schotteljes
schotels,Schottels
schouwmantel,schouwermantel
schraagtafeltje,Schraeghtaeffetlje
schragen,Schragen
schrijfkantoortje,schrijfcomptoirtje
schrijfalmanak,Schrijffalmanach
schrijfboekje,Schrijffboeckjens
schroeven,Schroeven
schuier,Schuijer
schuimspaan,Schuijmspaen
schuimspanen,Schuijmspanen
schuintjes,Schuijntjens
schuimspaan,Schuimspaen
schelp,Schulp
schelpschalen,schulpschaelen
schuldbrief,Schultbrieff
schorteldoek,schurteldoeck
schutje,Schutje
schutjes,Schutjens
schut,Schutt
schotels,Schuttelen
schuiertje,Schuyertje
schuimspaan,Schuymspaen
schuimspaan,schuyrspaen
secoup,Secoup
secoupen,secoupen
secoupschotel,secoupschotel
secreetkoffertje,Secreetkoffertje
zetbol,Sedtbol
zetbol,setbol
zeef,Seef
zeetje,Seeitie
zeeschilderijtje,seeschilderijtje
zeestrand,Seestrandt
zeestrand,seestrant
zeetje,Seetge
zeetje,Seetje
sinjoortje,seinjoortie
Seneca,Seneca
sermoenboeken,Sermoenboecken
sermoenboek,Sermoonboeck
,Serus
servetgoed,Servetgoet
servetten,Servetten
servies,servies
servetpers,Servietpars
servetten,Servietten
"zethaak, passer",Sethaeckpasser
zij / zijde,sij
zijde / zijden,Sijde
zijden,sijden
zilver,silver
zilverdraad,silverdraat
zilveren,Silvere
zilvergeld,Silvergeldt
zilveren,silvert
zilverwerk,silverwerck
zilverwerk,silverwerck
Chineese,Sineese
sint,Sint
sint,Sinte
sokken,Siocken
zitbank,Sitbanck
zitbanken,Sitbancken
zitbankje,Sitbanckje
zitstoelen,Sitstoelen
slamandje,Slaamantje
slaapbank,Slaapbank
slaaplakens,slaaplaackens
slaaplakens,slaaplakens
slaapmutsen,slaapmutsen
slaapbank,Slaepbanck
slaaplakens,Slaeplaeckens
slaaplakens,Slaeplakens
slaapmuts,Slaepmuts
slaapmutsen,Slaepmutsen
slaghorloge,Slaghhoralogie
,slaghlijnnen
slang,Slangh
slangring,slangring
sleutelreeks,Sleutelreex
sleuteltje,Sleuteltje
sleuteltjes,Sleuteltjens
slijpsteentjes,Slijpsteentjes
sloop,Sloop
slopen,Sloopen
sloopjes,Sloopjens
slotje,slootje
slotjes,slootjens
slotjes,slootjes
slopen,slopen
slot,slot
sloten,Sloten
sluiertjes,Sluijertjens
sluitjas,Sluijtjas
smaldoek,smaldoeck
smeltkroes,Smeltkroese
smeltring,Smeltring
snel,Snel
,Snipge
snoerparelen,snoerpaarlen
snoertje,snoertjen
snuifdoosjes,snuijdoosjes
snuifdoos,Snuijfdoos
snuistering,Snuijsteringh
snuiter,Snuijter
snuiterbakje,Snuijterbackje
snuiters,Snuijters
snuiter,snuiter
sokken,Socken
soldatengezelschapje,soldaetsgeselschapje
zolder,solder
zoldertje,Soldertje
zomerhoedjes,somerhoetjes
zomertje,Somertje
zoutvat,Soudtvat
sauciertje,Sousiertie
sauspannetje,Souspannetje
zout,Sout
zoutvat,soutvaet
zoutvaatje,Soutvaetje
zoutvaatjes,Soutvaetjens
zoutvaatjes,Soutvaetjes
zoutvat,Soutvat
zoutvaten,Soutvaten
zoutvat,Souvadt
Spaanse,Spaence
Spaans,Spaens
Spaanse,Spaensche
Spaanse,Spaense
Spaanse stoel,Spaence stoel
Spaans leer,Spaens leer
Spaanse stoel,Spaensche stoel
Spaanse stoel,Spaense stoel
spawaterskannen,Spawaterskannen
spek,Speck
spekkuipjes,Speckcuijpgens
spekkuipje,Speckkuijpje
speelwagen,Speelwagen
spitje,Speetje
speldenkussentje,Speldekussentje
spelden,spelden
speldenzakje,speldesackijen
spoelkom,Spelkom
spoelkom,speelkom
spiegel,Spiegel
spiegeltje,spiegeltgen
spiegeltje,Spiegeltie
spiegeltje,spiegeltjen
spijkerlade,Spijkerlaa
spinnewiel,Spinnewiel
spit,Spit
splintermandje,Splintermantien
spokerij,spocerij
spokerij,Spoockerije
spoelkom,Spoelkom
spoelkommen,spoelkommen
spoelkommetjes,spoelkommeties
spokerij,spokerij
spokerij,spokerije
spokerijtje,spokerytje
sponningschaven,sponingschaven
sporen / sloten,Spoten
sprei,Spree
spreien,Spreen
spreitje,Spreetje
sprei,Sprei
sprei,Spreij
spreitje,spreitjen
spuit,Spuijt
spuwpotje,Spupotje
spuwpotje,Spuwpotje
sint,St
stalen,Staale
stalen,staalen
,Staecker
stallen,Stallen
stamper,Stamper
stampers,Stampers
standaard,Standaert
standaard,Standert
statue,statue
steekbijl,Steecbijl
steel,Steel
stelen,Steelen
steen,Steen
steen,Steen
stenen beeld,Steenbeelt
stenen,steenen
stenen,steenen
steenrots,Steenrodts
stenen,steense
steentjes,steentjens
steentjes,steentjes
stel,Stel
stellagehout,Stellagiehout
stempels,Stempels
stenen,Stene
stiklijf,Sticklijff
stier,Stier
stiftjes,stiffjens
stiften,Stiften
stiftjes,stiftjes
stilleven,Stileven
stillevens ,stillevens 
stilleventje,stilleventje
stilleven,stillleven
stok,Stock
stokken,Stocken
stoel,Stoel
stoelkussens,Stoelcussens
stoelmakerszaag,Stoelemakerssaegh
stoelen,Stoelen
stoelkussens,Stoelkussens
stoelen,Stoellen
stoelpot,Stoelpot
stoeltje,Stoeltje
stoeltjes,Stoeltjens
stoffen,Stoffen
stoffer,Stoffer
stolp,Stolp
stolpbord,Stolpbord
stolpborden,Stolpborden
stolpen,Stolpen
stoof,Stooff
stoofpan,Stooffpan
stoofpannendeksel,Stooffpansdexel
stoofpannen,stooffpasjen
,stooffploegjens
stoters,Stooters
stoven,Stooven
stopseltje,stopseltie
stormhoed,stormhoedt
stormzeestukjes,Stormzeestuckjens
stoven,Stoven
Straatse,Straetsche
Straatse,Straetse
strandschilderijtje,Strandschilderijtje
strandschilderijtje,Strandtschilderijtje
strandje,strantge
strandje,Strantje
strandschilderijtje,Strantschilderijtje
strikje,strickijen
strikjes,strickijes
strijkijzer,Strijckijser
strijkijzer,strijckiser
strijkijzers,strijkijsers
strikjes,strikjes
strikken,strikken
stro,Stroo
strohoed,Stroohoet
strokaper,Strookaper
stromatras,Stroomatras
stuk,Stuck
stuk,Stuck
stuk,Stucke
stukje,stucken
stukje de,Stuckende
stukje,stuckge
stukje,stuckgen 
stukje,stuckijen
stukjes,stuckijens
stukje,Stuckje
stukjes,Stuckjens
stukjes,stuckxiens
stukje,stuckxken
studeermannetje,Studeermannetje
stuivers,Stuijvers
stulp,Stulp
suikerpotten,Suijckerpotten
suiker,Suijker
suikerbrood,suijkerbroot
suikerpot,Suijkerpot
suikerpot,suijkerpott
suikerpot,Suijkerpotte
suikerschoteltje,suijkerschoteltie
Susanna,Susanna
Susanna,Susanna
Sussanneke,Sussanneken
zwachtel,Swachtel
,swaeijen
zwaantjes,swaenties
zwart,swart
zwarte,swarte
zwarte,swarten
tabakdrinkers,tabackdrinckers
tabakstoppertje,tabackstoppertjen
tabaksdoosje,Tabacxdoosje
tabak,Tabak
tabakskomfoor,Tabaksconfoor
tabakskomfoor,Tabaksconvoir
tabakskomfoor,tabaksconvoortie
tabaksdoos,Tabaksdoos
tabaksdoos,Tabaxdoos
tabakrokertje,tabaxroockertje
tabbaard,Tabbaert
tabbaardje,Tabbaertgen
tabbaard,Tabbart
tabouretje,Tabeletje
,Tabriel
,tabrieltien
tafel,Taefel
tafelborden,Taefelborden
tafellaken,Taefellaecken
tafeltje,Taefeltgen
tafereel,taefereel
tafereeltje,taefereelken
tafereelsgewijs,taefereelswijse
tafereeltje,taefereeltgen 
tafel,Taeffel
tafelborden,Taeffelborden
tafelbord,Taeffelbort
tafelkleed,Taeffelcleet
tafelkandelaars,Taeffelkandelaers
tafellakens,Taeffellaeckens
tafellakens,Taeffellakens
tafeltje,Taeffeltje
tafereel,taeffereel
tafeltje,Taeffetlje
taartpan,Taertpan
tafelblad,Tafelblad
tafelborden,Tafelborden
tafelgoed,tafelgoet
tafelkleed,Tafelkleed
tafelkleedje,Tafelkleetje
tafellaken,tafellaacken
tafellakentjes,tafellackentjens
tafellakens,Tafellakens
tafelmat,Tafelmat
tafels,Tafels
tafeltje,Tafeltie
tafeltje,tafeltjen
tafereel,Tafereel
tafereeltje,tafereeltje
tafereel,Taferreel 
tafeltje,Taffeltje
tafereel,taffereel 
tafereeltje,taffereeltje
tafereeltje,tafreeltge
tandenstoker,Tandestoocker
tandenstokertje,Tandestoockertje
tandenstokertjes,Tandestoockertjes
tang,Tang
tangen,Tangen
tangetje,Tangetje
tang,Tangh
tandenstoker,Tantstoker
tapijt,Tapijt
tapijten,Tapijte
tapijtje,tapijtie
tapijtschilderij,tapijtschilderij
tas,Tas
tasje,Tasje
tassen,Tassen
tekening,teckening
tekeningen,teckeningen
thee,Tee
tekeningetjes,Teeckeninckjens 
tekening,Teeckeningh
theepot,teepot
theetafeltje,teetafeltie
tekening,teickeningh 
tekening,Teijckening
tekening,teijckeninge 
tekeningen,teijckeningen
tekeningen,Teijckeningh
tekeningen,teijkeningen
tekeningen,Tekeningen
teljoren,telioren
teljoortjes,teljoortjes
teljoren,Teljoren
tempeltje,Tempeltje
testje,Tessje
test,test
testament,Testament
testamentje,testamentjen
testamentje,testamintje
thee,Thee
theeblaadje,theeblaadje
theegoed,Theegoed
theegoed,Theegoet
theeketels,Theeketels
theetabouretje,theetabeletje 
Thisbe,Thisbe
trezoor,Thresoor
tierenteien,tierentaij
tijger,Tijger
tijntje,Tijntje
tijntjes,Tijntjes
tinnen,Tinnen
titel,Titul
tabakdrinker,tobackdrincker
tabakdrinkers,tobackdrinckers
tabakdrinkertjes,Tobackdrinckertjes
tabakdrinkster,tobackdrinckster
tabakrokertje,tobackrookertje
tabakzuiger,Tobacksuijger
tabaksdoos,Tobacxdoos
tobbe,Tobbe
tobben,Tobben
tobben,Tobbens
tobbetje,Tobbetge
tobbetje,Tobbetje
Tobias,Tobias
tabaksmannetje,toebacxmannetje
turquoise,Toirkoijsen
toneel,Toneel
tonnenstoel,Tonnestoel
tonnetje,tonnetie
tonnetje,Tonnetje
toonbak,toonback
toonbank,Toonbanck
toneel,Tooneel
toneel,Toonneel
tabakdrinker,Toubackdrincker
tovenaartje,Tovenaartje
toverijtje,Toverijtge
tractaat,Tractaet
tractaatjes,Tractaetjens
tractaten,Tractaten
trapje,Trapje
triboulet,Trebelet
tribouletijzers,trebeletijzers
trechter,Trechter
trekmutsen,Treckmutsen
trekpijtje,Treckpijcken
trektafel,Trecktaeffel
trektafeltje,Trecktaeffeltje
trektafel,Trecktafel
treeft,Treeft
trechter,Tregter
trekbank,Trekbank
trekpers,Trekpars
trekpot,trekpot
trekpotje,Trekpotje
trekpotjes,trekpotjes
trekpotten,Trekpotten
trekpotjes,Trepotjes
trezoor,Tresoor
trezoortje,Tresoortje
trezoortje,tresoortjen
trezoortjes,Tresoortjes
trezoren,Tresoren
trijpen,Trijpe
triomfboek,triumph-boeck
trommel,Trommel
trommeltje,Trommeltje
tronie,Troni
tronie,Tronie
tronies,tronien
tronies,troniens 
tronietje,Tronijtge
tronietje,tronitge
tronietje,tronitgens
tronietjes,Tronitges
tronietje,Tronitie
tronietje,Tronitien
tronietjes,tronitjes 
tronie,tronje
tronie,trony 
troniebordjes,tronybordekens
tronie,tronye
troniebordjes,tronyebordekens
tronies,tronyen 
tronietjes,Tronyetiens
tronies,tronys
tronietje,Tronytge
tronietje,Tronytgen
tronietjes,tronytgens
tronietjes,tronytiens
tronietje,Tronytje
tronietjes,Tronytjens
tronie,Troonie
trouwpenning,Troupenningh
trouwpenning,Trouwpenning
Troye,Troyen
tuigje,Tuijchje
tuigen,Tuijgen
,Tuijgers
tuig,Tuijgh
tuigje,tuijghje
tuimelaars,Tuijmelaers
tuitflesje,tuijtflesjen
tuitkannetje,tuijtkannetie
tuitkannetje,Tuijtkannetje
tuitkannetjes,Tuijtkannetjens
tuitfles,Tuijtvles
Turken,Turcken
Turks,Turcx
Turks,Turcxx
turf,Turf
turf,Turff
turftonnetje,Turfftonnetje
turquoise,Turquoijs
uitbeeldende,uijtbeeldende
uitgegeven,uijtgegeven
uitgeschilderd,uijtgeschildert 
uithangbord,uijthanckbort
uithangbekkens,Uijthanghbeckens
uurwerken,Urewercken
Europa,Uropa
uitbeeldende,uytbeeldende
uitgegeven,Uyttgegeven
vaandel,Vaendel
vaandrager,vaendrager
vaatje,Vaetje
vaatjes,Vaetjens
vaatwerk,Vaetwerck
val,Val
valhoedje,Valhoetje
valletje,valletge
valletje,Valletgen
valletje,valletie
valletjes,valleties
valletje,Valletje
valletjes,Valletjens
valletjes,valletjes
valse,valsche
vanitas,vanetas
vanitas,Vanitas
vat,Vat
vaatje,Vatgen
vaatjes,Vatjens
vegertjes,veegertjes
vel,Vell
vellen,Vellen
veldbekertje,Veltbeeckertje
vensters,vensters
Venus,Venus
versiersel,Verciersel
vergiettestje,Vergiettessje
vergulde,vergulde
vergulde,vergulden
verguld,Vergult
verhandeling,Verhandelingh
,verhees
verkocht,verkoft
verlakte,verlacte
verlichterij,Verlichterije
verrijzenis,verrysenis 
vertonende,vertonende
vierkante,Viercante
vierendeels,Vierendels
vierkant,vierkandt
vierkant,vierkant
vuurpotje,Vierpotje
vuurwagen,Vierwaghen
vijf zinnen,Vijf sinnen
vijf zinnen,Vijff Sinnen
vijl,Vijle
vijlen,Vijlen
vijzel,Vijsel
vijzeltje,Vijsseltje
vijzels,Vijzels
vingerhoeden,Vingerhoeden
vingerhoed,Vingerhoet
venezoen,vinnesoen
viool,Viool
Vergilius,Virgilius
visbordje,Visbortje
visbordje,Vischbortje
visketel,Vischketel
visketel,Visketel
visketels,Visketels
visketeltje,Visketeltje
visschilderijtje,visschilderijtge
visserijtje,Visserijtgen
vleeskuip,Vleeschkuijp
vleesgaffel,Vleesgaffel
vleesketel,Vleesketel
vleeskuipje,Vleeskuijpje
vleespot,Vleespot
vleesvat,Vleesvadt
vleeskuip,Vleijscuyp
vleeskuip,Vleijskuijp
vleesvat,Vleijsvadt
vleesvat,Vleijsvat
vleeskuip,vleiskuijp
fles,Vles
flesje,Vlesje
flesjes,vlesjes
flessen,Vlessen
flessen,vlesten
vlieger,Vlieger
vliegers,Vliegers
vlieger,Vliegher
vliegers,Vlieghers
vloermatten,Vloermatten
vlucht naar Egypte,Vlucht van Egypten
vlucht naar Egypte,vlugt van Egipten
voetbankje,Voetbanckjen
voetfles,Voetflesch
voetjes,Voetjens
voetstoven,Voetstoven
voetflesje,Voetvlesje
vogel,Vogel
vogeltjes,Vogelkens
vogelkooitjes,vogelkooijtjens
vogelkooi,vogelkouw
vogelkooien,Vogelkouwen
vogelkooitjes,Vogelkouwetjens
vogels,Vogels
vogelstruis,Vogelstruijs
vogelstruiseierdop,Vogelstruijseijerdoppe
vogeltje,Vogeltge
vogeltjes,Vogeltjens
voorkamer,voorkamer
voorlopers,Voorlopers
voormouwen,Voormouwen
voorschoten,voorschoden
voorschort,voorschort
voorstoven,Voorstoven
vork,Vorck
vorkje,Vorckien
vorkje,Vorckje
vorkje,vorkje
vorm,Vorm
vormborden,Vormborden
fornuis,Vormuijs
vossendeken,Vossedeecken
vossenstaarten,Vossenstaerten
vroedschapspenning,Vroedschapspenning
vroedschapspenning,Vroedschapspenning
wrong,vrongh
vrouwtje,Vroutje
vrouwengoed,Vrouwegoet
vrouwenhandschoenen,vrouwehantschoenen
vrouwenhorloge,Vrouwehorloge 
vrouwenkleren,Vrouweklederen
vrouwen,vrouwen
vrouwenbeeld,Vrouwenbeelde
vrouwenbeeldje,vrouwenbeeltien 
vrouwenkonterfeitsels,vrouwenconterfeijtsels
vrouwenhemden,Vrouwenhemden
vrouwenhemd,Vrouwenhemdt
vrouwenstoel,Vrouwestoel
vrouwentronie,vrouwetroni
vrouwentronie,Vrouwetronie
vrouwentronies,vrouwetronien
vuren,Vuijren
vurenhouten,Vurenhoute
vurenhouten,Vuurenhouten
vuurplaat,Vuurplaet
vuurtest,Vuurtest
wafelijzer,Waefelijser
wafelijzer,Waeffelijser
wafelijzer,wafelijser
wagens,Wagens
waaier,waijer
walvisbeen,Walvisbeen
walvisbenen,Walvisbeene
walvisbenen,Walvisbeenen
wambuis,Wambas
wambuisje,Wambasje
wambuizen,Wambassen
wandelstok,Wandelstock
wandelstokken,Wandelstocken
wanten,Wanten
wapen,Wapen
wapenbord,Wapenbordt
wapenbord,wapenbort
wapenbordje,Wapenbortje
wapenringen,Wapenringen
wapens,Wapens
wapentje,wapentje
warmoesschoteltje,Warmoesschottelien
wasbekken,Waschbecken
waslichtkandelaar,Waslichtskandelaer
wastobben,Wastobben
wastobben,Wastobbens
waterkasteeltje,watercasteeltje
wateremmer,Wateremmer
wateremmers,Wateremmers
watertjes,Waterkens
waterpot,Waterpot
waterpot,Waterpott
waterpotten,Waterpotten
waterspuit,Waterspuijt
watertje,watertge 
watertje,Watertgen
watertje,watertien
watertje,Watertje
waterval,Waterval
waterverf,Waterverf
waterverf,waterverff 
waterverf,Waterverw
waterfles,watervles
wiegdekentjes,Weeghdeeckenties
wiegkussentjes,Weeghkussenties
wereldkaart,Weereltcaerte
weerglas,weerglas
,wegebde
wegende,wegende
werken,wercken
,Werckradt
wering,Weringh
werkbanken,Werkbanken
wetbankje,Wetbanckje
wieg,wiegh
wijn,Wijn
wijnborden,Wijnborden
wijnglazen,Wijnglaasen
wijnglazen,wijnglase
wijnkan,Wijnkan
wijnkan,wijnkanne
wijnkannetje,Wijnkannetje
wijnkannetjes,wijnkannetjens
wijnpint,Wijnpinte
wijnschaaltje,wijnschaeltje
wijnsteen,Wijnsteen
wijdschip,Wijtschip
wijwatersvaatje,Wijwatersvaetje
wijwatersvaatje,Wijwatervatgen
winkel,winckel
wintertje,Winterken
winterstukje,Winterstuckje
wintertje,wintertien 
wintertje,Wintertje
wintertje,Wintertjen
windhond,winthont
wit,wit
witte,witte
wollengoed,Wollegoet
wollen,Wollen
Zacharias,Zacharias
zakmesje,zakmesje
zeeatlas,zeeattlas
zeebatalje,Zeebatalie
zeekasteeltje,zeekasteeltje
zeeën,Zeen
zeeschilderijtjes,zeeschilderijtgens
zeeschilderijtje,zeeschilderijtje
zeeslag,Zeeslagh
zeestormpje,Zeestormpje
zeestormpje,Zeestormtje
zeestrand,Zeestrandt
zeestrijd,Zeestrijt 
zeestuk,Zeestuck
zeestukken,Zeestucken
zeestukjes,Zeestuckens
zeestukje,zeestuckien
zeestukje,Zeestuckje
zeestukjes,Zeestuckjes
zeetje,Zeetge
zeetjes,Zeetgen
zeetje,Zeetje
zeetjes,Zeetjes
zeevaart,zeevaart
zeevaartje,zeevaertge
zeevaartje,Zeevaertje
zeilen,Zeijlen
