object,object_en
aackers,
Aambeelden,Anvils
Aardewerk,Pottery
Achten,
Aecker,
Aeckers,
Aeprockjes,
Aerdewerck,Pottery
afbeeltsel,
affbeeldinge,
Albertijn,
Albertijnen,
Almalack,Almanac
almanach ,Almanac
Almanachbortje,
Almenach,Almanac
Antrecker,
appelboren,Apple drills
Appelbrader,
armslagen,
Asaker,
asbeesem,
Aschketel,
Aspot,Ash pot
Aspottangketting,
asschep,Ash shovel
Asschop,Ash shovel
Asschoppen,
Atlas,Atlas
Attlas,Atlas
avegaers,
Baackerdoekies,
baackermat,
Baar,
Back,
Backaecker,
Backaker,
Backakertje,
Backen,
Backer,
Backetges,
backje,tray
bak,
Balance,
Baliemandt,
Ballen,
Balymandt,
Banck,
Bancken,
Bancketge,
Bancketje,
Bancketschilderije,Paiting of a banquet
bancketschilderijtge,Paiting of a banquet
bancketschilderijtje ,Paiting of a banquet
banckettjes,
Banckje,
bancquet,
bancquetge ,
bancquetstuck,
bancquettie,
bancquettien,
Bandekens,
bandelier,
Bandeliers,
Bandt,Strap
banketbordekens ,
banketjen,
Bankrijcxdaelders,
Bankschroeven,Vises
banquet,
banquetgen,
banquetschilderije,Paiting of a banquet
banquett,
bardeken,
Bataelje,
batajlle,
Batalie,
batalieschilderij,Paiting of a battle
batalitien,
Batalje,
Battalie,
Becken,
Beckentjens,
becker,
Beckien,
Bedde,
Beddecleet,Bed cover
Beddekleet,Bed cover
Bedden,
beddepan,Bed pan
Beddesack,
Beddesakken,
Beddespree,
Beddetien,
beddetjen,
bedje,Small bed
Bedpan,
Bedsak,
Bedstede,
Bedstee,
Bedt,Bed
Bedtje,Small bed
Bedtlaeckens,
Bedtpan,
bedtspree,
beecker,Cup
Beeckers,Cups
Beeckertje,
Beeld,Statue
beeldekens,
Beelden,Statues
Beeldt,Statue
Beelt,Statue
Beeltenis,
Beeltge,
beeltgens,
beeltie,
beeltiens,
Beeltje,
Beeltjens,
Beeltjes,
Beeltsels,
Beff,
Beffen,
Behanghsel,
Behangsel,
Beijtels,Chisels
bekerties,
Bekertjens,
bel,
Belblaeckers,
Bell,Bell
Belletje,Small bell
bellitjes,
Beslag,
Beslagh,
Besoorsteen,
bestevaertgen,
bestevaertje,
betielen,
betielens,
betieltiens,
Betpan,Bed pan
Beugel,
Beugels,
Beugelstoel,
Beugelstoelen,
Beugeltjes,
Beursgen,
Beursje,Purse
Beurssje,Purse
bevermoff,
Bierglaasen,Beer glasses
Bierglaesjens,
Bierkan,Beer can
Bijbel,Bible
bijbeltje,
blaasbalk,
blackertie,
Blaecker,Candlestick
Blaeckers,Candlesticks
Blaesbalck,
Blaker,Candlestick
blakerties,
Blakertje,
Blakertjes,
Blickwerck,
Blikwerk,
Block,
Bloembotjen,
bloemetjens,
bloemmantiens,
bloemmantjen,
bloempot,
Bloempotge,
bloempotgen,
Bloempotgens,
Bloempotje,
Bloempotjens,
bloempotschilderij,Painting of a flowerpot
bloempotschilderijen,Paintings of a flowerpot
Bloempotschilderijtje,Small painting of a flowerpot
bloempotschilderijtjens,Small paintings of a flowerpot
bloempottge,
bloempottje,
Bloemtuyn,
Blok,Block
Blokschaar,
Blommanties,
blommetjes,
blompot,
Blompoth,
Blompotien,
Blompotje,
Blompotjens,
blompotjes,
blompottge,
Boeck,Book
Boeckjens,
Boecxke,
Boecxkens,
Boeken,Books
Boere kermisse,
Boere kroegh,
boere schuijr,
Boerebanquet,
boerebruylofftje,
boerebruyloft,
Boerecoken,
boerecroegjes,
Boeredans,
Boeregesangh,
Boeregeselschap,
Boeregeselschapje,
boeregeselschapjens,
boerekaertspel,
Boerekermis,
Boerekeukentie,
Boerekoocken,
Boerekoockentje,
boeremaltijd ,
Boeren tapijt,
boerencokentge,
boerendans,
boerengesangh,
Boerengeselschapjens,
Boerenhuijs,
Boerenhuys,
boerenschuurtge,
Boereschotels,
boereschuyr,
boerevrijagie,
Boerinetronie,
boerinnetgen,
boeselaars,
boeselaersgoet,
Boeteljens,
Boeteljes,
boeterschotel,Butter dish
bokael ,Bowl
Bondeltje,
Bondeltjens,
Bont,Fur
Boommutsen,
Boord,Collar
booren,Drills
boorijsers,
boorschaven,
Boort,Collar
Boortgen,
Boortiens,
boot,
Bootje,
Bordeken,
Bordekens,
Borden,Plates
bordtje ,
Bordtjens,
borduerwerck ,embroidery
Boren,
boretges,
Borretge,
borretgens ,
Borretiens,
Borritges,
Borst,
Borstel,
Borsten,
Borstflesjes,
Borsthembtjens,
Borstkannetje,
Borstrock,Undervest
Borstrocken,Undervests
Borstrockjens,Small undervests
Borstrockjes,Small undervests
Borstroken,Undervests
borstrokken,Undervests
Bort,Plate
Borten,Plates
Bortge,
Bortgen,
Bortgens,
Bortges,
bortichis,
Bortien,
Bortiens,
Borties,
Bortje,
bortjen,
Bortjens,
Bortjes,
Borts,
Boschkruijtmaeten,
Bosgens,
Bosjens,
Bosschagieschilderij,
Bot,
boterpot,
Boterpotje,
Boterpotjens,
Boterschael,
boterscholtjes,
Boterschotel,Butter dish
boterschotelen,Butter dishes
Boterschotelgens,Small butter dishes
Boterschotels,Butter dishes
Boterschoteltjens,Small butter dishes
Botterpot,
Bouteljes,
Bouten,
Boutt,Bolt
Bouwen,
Bovenmutsje,
Braatpan,Casserole
Braedlepel,
Braedtpan,Casserole
Braedwerck,
braemijsers,
Braetpan,Casserole
Braetpanne,Casserole
Braetpannen,Casseroles
braetpannetje,Small casserole
Braetspit,Roasting spit
Bragoenen,
Branders,
Brandijser,
Brandijsers,
Brandtemmers,
Brandthout,
Brandtsacken,
Brantijser,
Brantje,
Brantjes,
Brantsacken,
Brantsakken,
brantschilderijtje ,
Brasaletten,Bracelet
Braselett,Bracelet
Brasetten,Bracelets
Brillen,Glasses
Broeckknoopen,
Broeijvat,
Broek,Pants
Broeken,Pants
Brood,Bread
Broodemantgen,Bread basket
Broodtmantie,Bread basket
Broot,Bread
Brootbacken,
Buegel,
buegelstocken,
Buffet,
Buickkussens,
Bundels,
Bundeltjens,
Bureau,Desk
Burrij,
Bussjens,
Caart,Map
Caarten,Maps
Cabas,
cabasfles,
Cabinetje,
Caert,Map
Caertge,Small map
Caertiens,Small maps
calemink,
calleminke,
Cameelskoppen,
Camizool,
Camizoolen,
Canariekouw,Canary cage
Candelaers,Candle holders
Candelaertien,
Canifas,Canvas
Cannen,Jugs
cannetjen,Jug
cantjes,Jugs
Cantoorkleet,Office carpet
Cantoortafel,Office table
caper,
Capers,
capijen,
capittelstokje,
Capstock,Coast rack
careant,
Carolijnen,
Carolussen,
Carpetdeecken,
casjet,
Casse,
cast,Closet
Castgen,Small closet
castjen,Small closet
Cattoun,
Charge,
Charp,
Chaufoir,
Christustroni,
Christustronie,
Cimbel,
cintuur,
cintuurgesp,
clabbeeckijes,
clapmuts,
Clapmutsen,
Clapmutsjens,
clapmutsjes,
clapmuttzjes,
clapmutz,
Clavecimbel,Harpsichord
Clavesimbael,Harpsichord
Clavesimbel,Harpsichord
clederen,Clothes
Cleermanden,Clothes basket
Cleerstocken,
Cleerstokken,
Cleertaeffel,
Cleertafel,
Cleet,Carpet
cleetien,Small carpet
Clickers,
clouxjens,
Cluchten,
Cnaap,
Coffer,Suitcase
Coffertgen,
Coffijkan,Coffee can
Colloquia,
Com,Bowl
Comfoor,Comfort
Commen,Bowls
commetjes,
Comptoirstoel,Office chair
Comptoirtje,
Concordantie,
Confoor,Comfort
conterefeijtsels,
Conterfeijstels,
conterfeijtschilderije ,
conterfeijtsel,
Conterfeijtsels,
conterfejtsel,
conterfeytsel,
conterfijtschilderije,
conterfijtschilderijen,
contirfeijtseltges,
contrafeijtsel ,
contrafeijtsels ,
contrefeijtsel ,
Contrefeijtsels,
contrefeijtzel ,
contrefeijtzeltiens,
Convoir,Comfort
convoor,Comfort
coopiens,Little cups
Coord,Cord
coostjes,
Cop,Cup
coperplaetje,
Copgens,Little cups
Copie,
copijties,
Copjes,
coppen,Cups
coppjen,
coppjes,
copye,
copytje,
Corchet,
corchethaak,
Corrigeerbanck,
Corrigeertaeffel,
Corsjet,
corsjethaaken,
coulang,
cousen,
craaltjes,
Craeckkommen,
Cralen,
crapper,
Cronijck,Chronicle
crucifix,Crucifix
cruijcifix,Crucifix
cruijs,Cross
Cruijsaden,
Cruijseficx,Crucifix
cruycefix,Crucifix
cruyseficks,Crucifix
cruyseficx,Crucifix
cruysefix,Crucifix
Cuijpgens,
cunst,Art
cussens,Pillows
Custingsbrieff,
Daelder,
Daelders,
Damiaat,
Das,
Dasjens,
Dassen,
dassjes,
decken,Blanket
deckseltie,
deckseltjen,
Decreetbrieff,
Decxel,
Decxeltjens,
Deecken,Blanket
Deeckens,Blankets
Deegen,Epee
Deegens,Epees
Deeken,Blanket
Degens,Epees
Deghen,Epee
dekbed,
Deken,Blanket
dekentie,
Deksels,
Deurslach,
Deurslagh,
Dexeltje,
Diamant,Diamond
diamanten,Diamonds
Diamantje,Small diamond
diamantjen,Small diamond
diamantjes,Small diamonds
diamentsteentjes,
dissels,
Disteleerketel,
Dobbelsteenen,Dices
dobbesteen,Dice
Documenten,Documents
Doeck,Cloth
doecken,Cloths
Doeckenhuijven,
doeckhuijken,
Doeckhuijven,
doeckijes,
Doekehuijven,
Dompertje,
Doodskist,
Dooffpott,
Dooffpotten,
doofpot,
Doofpotje,
doofpotte,
Doopluyer,
Doos,Box
Doosen,Boxes
Doosje,
doosjen,
Doossen,
Doothembdt,Scaredy
Dootpenningh,
Dootschult,
Dootshoffden,
Dootshoof,
Dootshoofd,
dootshoofden,
dootshooffden,
Dootshooft,
dootshooftschilderij,
Douck,Cloth
Draaijsteen,
Draeghbanden,Carrying straps
Draeghbant,Carrying strap
Draeghberre,
Dreckwagens,
Drevelhamers,
dreveltjens,
Drielingh,
Drielinghschotels,
Driepoten,
Drijffhamers,
Drijlingen,
Drijlingh,
Drillen,
Droogeldoecken,
Drooghdoecken,
Drooplepel,
Druckpars,
Drukbak,
Ducaaten,Ducates
Ducaten,Ducates
Ducaton,Ducate
Duijt,
Duijten,
Duit,
Dukaet,
Dukantons,
Dukaten,
Dukaton,
dundoeck,
Eenhoornskussens,
eetenskasje,
effigies,
Eijcklepeltjens,
Eijerbortje,
Eijerlepeltje,
Eijerpannetje,
Eijerrackje,
Elisabeth,
Elisabetten,
Emmers,Buckets
Emmertje,
Engelsbeeldekens,
Ertkan,
Erttkan,
Erve,
erven,
essentjes,
evangelistbortjes,
Eyermantien,
Feijteltjens,
Festoon,
Figuer,
Figuren,
Fiston,
Flepjens,
Fleppen,
Fles,Bottle
Flesch,Bottle
Fleschjens,Small bottles
Flesjen,Small bottle
Flesjens,Small bottles
Flesschen,Bottles
flesse,Bottles
Flessen,Bottles
Flessjens,Small bottles
florette,
floretten,
Fluijten,
fonteijntie,
Fontenelplaetje,
Formen,
forquetstock,
forquetstocken,
Fruijtage,Painting of fruit
Fruijtagie,Painting of fruit
Fruijtagien,Paintings of fruit
fruijtasjes,Paintings of fruit
Fruijtatsie,Painting of fruit
fruijtbackje,
Fruijtmant,
Fruijtmantje,
Fruijtschael,
Fruijtschalen,
fruitagie ,Painting of fruit
Fruitmandt,
Frutage,Painting of fruit
frutagie,Painting of fruit
Fruytage,Painting of fruit
Fruytageschilderij,Painting of fruit
Fruytagie,Painting of fruit
fruytien,
Fruytmantiens,
Fruytmantje,
Fruytschael,
fruytschoteltge,
Fruyttage,Painting of fruit
Fruyttagie,Painting of fruit
Gaffel,
galanterie,
gansenoogh,
Gardijen,Curtains
gardijnen,Curtains
Gardijnsroeijen,
Gardijntjens,
Garen,
gebeedeboeckjens,
Gelt,
Geltkist,
Gereetschap,Tool
Gereetschappen,Tools
gerffschaeffjens,
gerffscharen,
Geschut,
geselschapgens,
geselschapien,
Geselschapje,
geselschapjes,
geselschappjen,
Gesp,
Gespen,
Gevest,
gewichijen,
gewicht,Weight
Gietvlessen,
Gissen,
Glaasen,
glaasjens,
glaesen,
Glaesje,
Glaesjens,
Glas,Glass
glasbortjes ,
Glasen,
Glasgardijnen,
Glasgordijnen,
glasgordijnties,
glasgordijntjes,
glasguardijntjes,
Glasien,
Glasiens,
Glaswerk,
goederen,
Goet,
Gordijen,
Gordijn,Curtain
Gordijnen,Curtains
gordijnnen,Curtains
Gorgelet,
Goudgewicht,
Gout,Gold
Goutguldens,Golden guilders
goutsmitgereetschap,
graeutje,
graeutjen,
Graff,Grave
grautien,
Guardijnen,
gulden,Guilder
Guldens,Guilders
haackijens,
Haak,Hooks
Haaken,Hooks
haart,
Haartijser,
haartsetjen,
Hackmes,
hackmessen,
Haeck,
Haertijser,
Haertplaetje,
Haertschutje,
hairnaelt,
Halfmutsje,
Halsdoeck,
Halsdoecken,
Halskussentje,
Halsneusdoecken,
Halssgen,
halvemanen,
Hamers,Hammers
Hammetje,Small hammer
Hamshembden,
Handblaecker,
Handblaeckers,
Handmouwen,
Handoeken,Towels
Handtbeckertje,
Handtdoeck,Towel
Handtdoecken,Towels
Handtdoeckjens,Small towels
Handtschoenen,Gloves
Hanghblaecker,
Hanghijser,
Hanghtresoor,
Hangijser,
Hantdoecken,Towels
Hantdoeken,Towels
hantsagen,
Hantschoenen,Gloves
hantschoentjes,Small gloves
hardersbeeldeken,
harenmutzjen,
Haspels,Reels
Hechten,
Heertijser,
Heften,
Hellebaerd,Halberd
hembden,
Hembdt,Shirt
Hembtrock,
Hemden,Shirts
Hemdt,Shirt
hemt,Shirt
Hemtrocken,
Henghsel,
Hengsel,
hengsels,
Heugel,
Historie,
Historien,
Historieschilderij,History painting
historieschilderijen,History paintings
Historieschilderijtje ,Small history painting
historieschildery,History painting
Historyschilderijtje,Small history painting
Hoed,Hat
Hoeden,Hats
Hoedt,Hats
hoedtbandt,
Hoenderkouw,
Hoep,
Hoepelrokken,
hoepje,
hoepring,
hoepringetjes,
Hoepringh,
Hoet,
Hoij,
Hondehock,
Hooffden,
Hooftkussen,
Hooftkussens,
Hooftkussentjens,
Horalogie,Watch
Horentjens,
Horloge,
Horologie,
horologies,
Hout,
Houtbacken,
Houtcool,
Houtekoolen,
houtstelletje,
Houtwerck,
Houwerk,
huegeltie,
Huijck,
Huijcken,
Huijffjens,
huijk,
Huijken,
Huijmpje,
Huijs,
Huijsboeck,
Huijsen,
Huijven,
Hulletjens,
Huurcedull,
Huyke,
IJser,
IJserpothenghsel,
Ijsers,
Ijserwerck,
IJzer,
IJzerdraat,
IJzers,
Inckpott,Ink pot
Incktkoker,
Inktpot,
Inlantsvaertje,
Innocent,
Innocenten,
innocentrock,
Instrumenten,
iserwerck,
Jack,
Jackgen,
jackje,
Jacobus,
Jakken,
Japon,Robe
Japon,Robe
joffrouwstronytge,
Juffer,
Juffersgeselschapje,
juweelcoffertjen,
Juweelkoffertje,
Juweeltje,
Juwelen,
Kaas,
Kabas,
Kabasbakies,
Kabasjes,
kabelringh,
Kabinetje,
Kachel,Stove
Kackstoel,
Kackstoeltie,
Kaersla,Candle drawer
Kaerslade,Candle drawer
kaerslae,Candle drawer
kaertiens,
Kaertje,
Kaesbackje,
kametmutsen,
Kammekoockertje,
Kan,
kandelaar,Chandle holder
Kandelaars,Chandle holders
Kandelaer,Chandle holder
Kandelaers,Chandle holders
Kanne,
Kannebord,
Kannebordt,
Kannebort,
kanneborties,
Kanneken,Jug
Kannen,Jugs
Kannetge,Jug
kannetgen,Jugs
kannetie,Jug
kannetien,Jug
kanneties,Jugs
Kannetje,Jug
Kannetjens,Jugs
kannetjes,Jugs
Kaper,
Kapers,
Kapje,
Kapjens,
Kapkettinckje,
Kapluijers,
Kapmantje,
kapstock,
Kapstockje,
Kapstok,Coat reck
Karolijn,
Karpetgardijn,
Karpetspree,
Karpoes,
Kas,
Kasdoecken,
Kasdoeckjens,
Kasje,
Kasjens,
Kast,
Kattoen,Cotton
Keerslade,Candle drawer
kelckijes,
Kelckjens,
Kelckjes,
kerckstoel,
kerckstoelen,
Kerckstooff,
Kerckstoofge,
Kersnacht,
Ketel,Boiler
Keteldecksel,
Keteldecksels,
Ketels,Boilers
Keteltje,
Keteltjens,
Keten,
Ketin,Chain
ketincken,Small chain
Keting,Chain
ketingh,Chain
ketinhaak,
Kettinckje,Small chain
Kettincxkens,Small chains
ketting,Chain
Kettingh,Chain
Kettinghje,Small chain
kettingjens,Small chains
Kettingsken,Small chain
Kettinkje,Small chain
keuckenschilderije,
Keurslijf,
Kevier,
kinderehooffgens,
kinderhembtjes,
Kinderkackstoel,
Kindermantel,
kinderschoenen,
kindrendans,
Kindshooffd,
Kindskontrefeijtsel,
Kinmutsjes,
Kisjes,
Kisselier,
Kist,Box
Kiste,Box
Kistgen,
Kistje,
Klapmuts,
Klapmutsjens,
klapmutsjes,
Klauwringh,
Klederen,Clothes
kleecker,
Kleedge,Small carpet
Kleedgen,Small carpet
kleerenkas,
Kleermanden,
Kleerreck,
Kleersacken,
Kleerschuijer,
Kleerstock,
Kleerstocken,
Kleertaeffeltje,
Kleet,Carpet
Kleetgen,Small carpet
Kleetje,Small carpet
klijnigheden ,
klijnodien,
klinckhamers,
kloott,
Kluijsgissen,
Knaap,
kneusen,
Knijffmuts,
Knijpvlesje,
knipbeugeltjes,
knipjes,
Knoopen,
Knoopjes,
Knop,
knopen,
Knopjens,
knopvlesse,
Koecken,
Koecxijser,
Koecxpan,
Koecxpannen,
koekepan,
koekijser,
Koekplaatje,
Koelvadt,
Koetswagen,
Koffer,Suitcase
koffertie,Small suitcase
koffertjen,Small suitcase
Koffijkan,Coffee can
Koffijkopjes,Coffee cups
Koker,
Kokernoot,
Kolder,
kolkdeksel,
Kom,Bowl
kometjes,Small bowls
Kommen,Bowls
Kommetjens,Small bowls
kommetjes,Small bowls
Kompasje,Little compass
Konincxdaelders,
konstboeck,
konterfeijtjeltjes,
Kontrefeijtsel,
kontrefeijtsels,
Kontrefijtsel,
konvoor,
koockenschilderij,
Koockenschilderijtje,
Koockertje,
Kookketels,
Koort,
Koortjens,
Kop,Cup
Kopjens,Small cups
Kopjes,Small cups
koppe,Cup
Koppen,Cups
koppjes,Small cups
Kopstuck,
Kopstucken,
Kousen,Stockings
Kousjens,
Koussen,Stockings
Kouw,Cage
Kouwen,Cages
Kouwetgens,Small cages
Kouwse,
kraackkap,
Kraeckkommen,
Kraensaegh,
Kraensaeghheften,
kraensagen,
Kragen,Collars
Kraghen,Collars
Krampringetje,
Kranen,
Krantjes,
Krebbeddetien,
Krenssen,
krijtrolletjens,
Kroese,
Kroesje,
Kronen,
Kroonen,
Kroontje,
Kropbootje,
Kroplap,
kruijcken,Jars
Kruijdshoorntje,Small powder horn
Kruijdtboeck,
Kruijsjefix ,Crucifix
Kruijsrijcxdaelders,
Kruijtdoos,
Kruijtdoosje,
kruijtsvaeten,
Kruijwagens,
Krukken,
krullen,
Krusaet,
kruysefix,Crucifix
kruysseficx,Crucifix
Kuijp,
Kuijpje,
kuijtgespen,
kunst,Art
kurkje,
Kussens,
kussentie,
Kussentje,
laacken,Sheet
laackens,Sheets
laatjen,
laatjes,
Labaer,
Labaren,
Labbekacken,
Labbekacks schaelen,
lackwerckens,
Laddertje,
Lae,
Laecken,
Laeckentjens,
Laersen,
Lampe,
Lampen,
lampenblaker,
lampet,
Lampetschotel,
Lampetschotels,
Lampetten,
Lampje,
Landschapje,
Landschapjens,
Landschapschilderijtje,
landschaptien,
landschaptjens,
landtschappien,
landtschappjen,
Lantaren,Lantern
Lantarentje,
lantarentjes,
Lanteerne,
Lanterens,
Lantschapge,Small painting of a landscape
lantschapgen,Small painting of a landscape
Lantschapgens,Small paintings of a landscape
lantschapie,Painting of a landscape
Lantschapje,Small painting of a landscape
Lantschapjens,Small paintings of a landscape
lantschapken,Small painting of a landscape
lantschappen-schilderij,Small paintings of a landscape
Lantschappge,Small painting of a landscape
Lantschappgens,Small paintings of a landscape
Lantschappien,Painting of a landscape
lantschappje,Painting of a landscape
Lantschapschilderij,Painting of a landscape
lantschapschilderije,Painting of a landscape
Lantschapschilderijen,Small paintings of a landscape
lantschapschilderijtge ,Small painting of a landscape
Lantschapschilderijtgen,Small paintings of a landscape
Lantschapschilderijtje,Small painting of a landscape
lantschapschildery,Painting of a landscape
lantschapyen,Painting of a landscape
Lap,
Lapgen,
Lapgens,
Lapje,
Lapjens,
Lappen,
lappjen,
lappjens,
latatjen,
latjens,
Latten,
Ledecant,Crib
Ledekant,Crib
Leden,
Leepels,Spoons
Leeu,
Leeuw,
Leeuwerixkouw,
Leeuwtjens,
Legendeboeck,
Legerstuckje,
Leijen,
Leijst,Frame
Lepel,Spoon
Lepelbort,
lepelhuijsje,
Lepels,Spoons
Lepeltje,Small spoon
Lepeltjens,Small spoons
Lessenaer,
Letter,
Letteren,
Letters,
Levereijkoort,
Lidtten,
Lieve-Vrous-beeldtje,
Lieve-Vrouwenbeelt,
Lijffgen,
Lijffrentebrieff,
lijnwaat,Wade
lijnwaet,Wade
lijnwate,Wade
lijsgens,
Lijst,Frame
Lijste,Frame
lijsten,Frames
Lijstgen,
lijstjens,
Lijwaet,Wade
Linckermantgens,
linden,
lindenwerck,
lindewerck,
Lindje,
Linien,
Linne,
Linnen,
linnenwerck,
Linten,
Lintten,
Lit,
Litt,
litte,
Lobbedoossen,
Lobbekens,
Lobben,
Looden,
Looghborstel,
Loopspit,
Loot,
Lootwerk,
Lopers,
Losrente,
Lubben,
Luijer,
luijermanden,
Luijermandt,
Luijermanskasje,
Luijermantie,
Luijertjens,
Luijwagen,
Luitten,
Lutsen,
lysge,Small frame
Lyst,Frame
Lysten,Frames
Lystgen,Small frame
maantjes,
machaijer,
Maentge,
Maentje,
Maeten,
mallen,
Mand,Basket
Mandekens,Small Baskets
Mandewerck,
maneschijntgen,
Maneschijntie,
maneschijntje,
Mangebordt,
mangelboort,
Mangelborden,
Mangelstock,
manneschyntge ,
mansbeffen,
mansclederens,
manscontrefeijtsel ,
manscontrefejtsel,
Manshembden,
manshemden,Men's shirt
Manshooft,
manshorloge,Men's watch
Manskleedt,
Mansmutsen,Men's caps
Mansonderklederen,
Mansrock,
mansrok,
manstronie ,
Manstronien ,
Mant,Basket
Mantel,Cloak
Mantels,Cloaks
Mantelstocken,
Manteltgens,
Manteltje,
Mantien,
Mantje,
Mantjens,
Marcktemmer,Market bucket
Marctemmers,Market buckets
Mariabeeldt,Maria statue
Mariabeeltje,Small Maria statue
Mariabordeken,
Marienbeeltien,Small Maria statue
Martemmer,Market bucket
Maryenbeelken,Small Maria statue
Maryenbeelt,Maria statue
Mat,
Matje,
Matras,Mattress
matrasjes,
matstoelen,
Matstoeltjens,
Matt,
Matten,
Mattras,Mattress
Medicijnboeck,
Memoriaelboeck,
Memoriaelboecxke,
Memorieboecxke,
Mengelskannen,
Mes,Knife
Mesjens,Small knifes
Messekoocker,
Messen,Knifes
Messjens,Small knifes
Missiven,
Missivens,
Moesselwijn,
Mof,
Moff,
Moffekas,
Moffel,
mofje,
monsters,
monstertjes,
moockers,Mokers
Mortier,Mortar
moskels,
Mosschaeltjens,
Mosschaeltjes,
Mostartlepeltje,
Mostartpot,Mustard pot
Mostartpotje,Small mustard pot
Mostartpott,Mustard pot
Mostartpotten,Mustard pots
mosterbot,Mustard pot
mosterpotte,Mustard pot
Mostertpodt,Mustard pot
Mostertpot,Mustard pot
Moszertpot,Mustard pot
motzen,
Mout,
Moutjes,Small sleeve
mouwe,Sleeve
Mouwen,Sleeves
mouwknoopjes,
Munt,
Mus,
Musjes,
Musquet,Musket
musquets,Muskets
Musquetten,Muskets
Muts,Cap
Mutsen,Caps
Mutsjens,Small caps
Mutsjes,Small caps
Mutzien,Small caps
Naaijdoosje,
naalt,
Nachtbagijntjes,
Nachthalsdoeck,
Nachthalsdoecken,
Nachthalsdoeken,
Nachtien,
nachtschilderijtje,
Naeldekokertje,
Naeldekoocker,
Naelden,Needles
Naelt,Needle
naeltwerck,
nagthalsdoek,
Nagtmutsen,
Naijkussen,
Napje,
Nappen,
neersticken,
neerstickjes,
Neerstikken,
Neerstucken,
Neijmantien,
Neijmanties,
Neteldoekje,
Netten,
Neusdoecken,
neusdoek,
Neusdoeken,
Nobel,
Nobels,
noppjens,
noppjes,
Nota,
Obligatie,
Obligatien,
Octaefbijbeltje,
oesterbancketje,
oesterbancquetge,
oilietten,
Oirlogie,Watch
oirringen,Earrings
Oirringetjes,Small earrings
ojisten,
ojistjens,
Oliekan,Oil can
Oliekannetje,Small oil can
Olijkan,Oil can
Olijkannetje,Small oil can
Olijpoties,
Olijpotje,
Olijpotjens,
Olijsteenen,
Onbijtschilderij,
Onderbroeck,
Onderbroecken,
onderbroek,
Onderklederen,
Onderkleet,
Onderkousen,
Ondermoutjes,
Ondermutsen,
Onderreem,
Onderriem,
Onderriemen,
Onderrock,
Onderrockjens,
Onderrokken,
Ondersteeckbecken,
Ondersteeckbeckien,
Ontbeijten,
ontbijtenge,
Oogje,
Oorcussens,
Oorijser,
Oorijsertje,
Oorkussens,
oorstuckijens,
Opera,
Oproerpenning,
Ordonnantie,
Orlietten,
Orlogie,
Ossen,
oudemansklederen,
Overmouwen,
Overtrecksels,
paarlen,
paarltjes,
Pack,
Packjens,
Paendertgens,
Paerden,
paerlen,
paerltje,
paerltjes,
Palmboren,
Pan,
pandant,
pandanten,
Pandantjes,
Paneel,
Panelen,
Panjetten,
Pankoekspan,
Panneel,
Pannekoeckspan,
Pannen,
pannetie,
pannetjen,
Papegaijekop,
Papegaijekopjes,
Papegaijskoppen,
papers,
Papier,Paper
Papiere,
Papieren,Papers
Paplepeltje,
parckement,
Pareltjes,Small pearls
parreltjens,Small pearls
Pars,Press
Parsgen,Small press
Parsje,Small press
Parssen,
Part,
parten,
Paruijck,Peruke
Paruijcken,Perukes
paskaert ,
Paskaerte,
passers,
Paternoster,
Patroonen,
Patroonkas,
Pauli-tronie,
Peerevlesje,
peerlen,
peerlspelden,
peerltjes,
Peij,
peiluwlaecken,
pelerine,
Pelterije,
Pen,
Penelen,
Pennen,
Penning,
Penningen,
Penningh,
Penninxcke,
penteeckeningh,Pen drawing
penteijckeningh,Pen drawing
Peperbosje,
Peperdoosje,
peperdoosjeen,
perel,
perelspelden,
personagie-groote-schilderijen,
perspecktief ,
Perspectief,
Perspectieff ,
perspectieffjens,
Perspectiefje,
perspectyf ,
perspectyff ,
Peuleulakens,
Peullen,
peulu,
Peulue,
Peuluelakens,
Peuluen,
Peululakens,
Peuluw,
Peuluwe,
Peuluwlaecken,
Peuluwlaeckens,
Peuluws,
Peuluwslaeckens,
Philipsgulden,
Piek,
Pijcken,
Pijp,
Pijpen,
Pijpkannetien,
Pintskannen,
pipiens,
Piramis,
Pistolen,
Pistolet,
Pistoletten,
plaat,
plaatken,
Placcaten,
plaet,
Plaetjens,
plaetjes,
Plaijster,
Plaisierkoppen,
Plateelen,Faience
platen,
Platteijsers,
Plattielen,Faience
playster,
playstre,
Pleijster,
Pleijsterbeelden,
Pleijsterwerck,
Ploegjens,
pluijm,
Pluijmen,
Pluijmkussen,
Plundering,
Poeijerdoos,
Poejerquasten,
Poinctueren,
Poirtret,Poirtrait
polouw,
ponijetten,
Ponjetten,
Popjens,
Popjes,
poppegoed,Dolls good
Poppegoet,Dolls good
Poppegoetijzers,
Poppekasje,
poppengoet,Dolls good
poppesoutvaetjens,
porspectiff,
portredt,Portrait
portretten,Portaits
postelijn,
Posten,
postert,
Pot,
Potdecksels,
Potgelt,
Pothenghsel,
pothengsel,
Potje,
Potjens,
Potlood,Pencil
Potloot,Pencil
Potpenningen,
Potpenninghjes,
Pott,
pottebanck,
Potten,
pottjen,
Pourtrait,Portait
predicantsborretgens,
predicantsbortjens,
Predicatien,
Predikantbortjens,
Preeckstoel,
Preeckstoelen,
preint,
Prent,
Prentbortje,Small picture board
prentbortjens,Small picture boards
prentbotje,Small picture board
prentebort,Picture board
prenten,Prints
princteborden,Picture boards
Print,Print
Printebordtjens,Small picture boards
printeborretge,Small picture board
printeborretgens ,Small picture boards
printeborritjes ,Small picture boards
printebortjens,Small picture boards
printen ,Prints
printgens ,Small prints
Printiens,Small prints
Printje,Small print
Printjes,Small prints
printten,Prints
Processtucken,
proeffsilver,
Pronckkussens,
prospectyf,
Prullen,
prulleties,
prulletjes,
Psalmboeckje,
Puele,
puelelackens,
Puelen,
Pulluwen,
punthaaken,
Puthaack,
Pyck,
quarde quus,
Quartje,
Quast,
Quasten,
Quijtscheldingh,
racken,
Rackje,
Rackjens,
Raeghboll,
raemschaefjens,
Rariteijten,
Raspe,
Raspjens,
Reael,
rechtbanck,
Rechtbanckje,
Recipisse,
reckijen,
Reckplaet,
Reeckeningen,
reegekleet,
Regenkleet,
Reijsmantel,
Reijsmanteltge,
Reijsmanteltje,
Reijsrock,
Reijssack,Travel bag
Reijssak,
Reijssakje,
Rekje,
Rialen,
Rijcxdaelders,Rix-dollar
Rijder,
Rijders,
Rijdtrock,
Rijff,
Rijghlijven,
rijgnaalden,
Rijksdaalders,
rijschaven,
rijssakken,
Rijtrock,
rijtrock,
rinck,Ring
ring,Ring
Ringen,Rings
ringeties,Small Rings
Ringetje,Small ring
Ringetjens,Small Rings
ringetjes,Small Rings
Ringh,Ring
ringhen,Rings
robijntjens,Rubies
robijntjes,Rubies
Rock,
roe,
Roeck,
roede,
Roeden,
Roef,
Roeijen,
Roemer,
Roemers,
roffelschaven,
Rok,
Rokke,
Roll,
Rolletgens,
Rolletjens,
Rolwagens,
Rolwagenties,
Romer,
Romers,
Rommeling,
rondekens,
rondetjens,
Roomer,
Rooskom,
Rooskommen,
Roosringh,
rooste,
Roosters,
rooswerck,
Rosenobels,
roster,
Rottingh,
rottingknop,
Roubanden,
rouw Japon,
rouw Japonnen,
Rouwmantel,
Rouwmantels,
roverijtge,Painting of a robbery
roverijtien,Painting of a robbery
Ruijntje,Painting of a ruin
ruinentje,Painting of a ruin
Rustbanck,
ruwyntgen,Painting of a ruin
Ruyn-lantschapschilderij,Painting of a ruin in a landscape
Ruyntge,Painting of a ruin
Ruyntje,Painting of a ruin
Sack,
sackhorologie,Pocket watch
Sackjens,
Sackjes,
Sackneusdoecken,
sacksken,
Sacxke,
Saegh,Saw
saeghheften,
sagen,Saws
Sakdoecken,Handkerchiefs
sakredanekas,
Salaetemmertje,
salmboekje,
Sante,
Santeen,
Santseef,
saphier,
Sarvet,Napkin
Sarvetgoet,
Sarvetten,Napkins
Sarvietjens,
Sarviett,Napkin
Sarvietten,Napkins
Saucieren,
Sauciertje,
Sauciertjens,
Sauciertjes,
Sausieren,
Sausiertje,
sausiertjens,
scalen,
schaald,
Schaaltje,
schaaltjes,
Schaar,
schaartie,
schabel,
schabelletie,
Schabeltaefelken,
schaeffbeijtels,
Schaeffjens,
Schaefjens,
Schael,
Schaelen,
Schaeltgen,
schaeltiens,
Schaeltje,
Schaeltjes,
Schaer,
schaertje,
schaessen,
Schalen,
Scharen,
Scharffbort,
Schaven,
Schavotje,
Scheepjes,
scheepjesschillingen,
scheepschilderijtge,
scheepschilderijtjes,
Scheepsteeckeningen,
scheepvaertjes ,
Scheerbecken,Shaving basin
Scheerdoecken,
Scheerstoelen,
Scheijdingen,
Schel,
schelderije ,
Schelle,
Schelletje,
Schellingen,
schenckborden,
Schenckbortje,
Schenckkan,
Schencktaeffeltje,
Schenkbord,
schenktafelties,
schepbeckentje,
schepenenkennisse,
Schepenkennis,
Schepenkennissen,
Scherffbort,
Schilden,
Schildereij,Painting
Schildereijen,
Schildereijkens,
schildereijtjes,
Schilderie,Painting
Schilderien,Paintings
Schilderij,Painting
schilderijbortiens,
Schilderije,Painting
Schilderijen,Paintings
schilderijkassen,
schilderijken,Small painting
Schilderijkens,Small paintings
Schilderijtge,Small painting
Schilderijtgen,Small painting
Schilderijtgens,Small paintings
schilderijtges,Small paintings
Schilderijtie,Small painting
Schilderijtien,Small painting
Schilderijties,Small paintings
schilderijtje,Small painting
schilderijtjens,Small paintings
Schilderijtjes,Small paintings
schilderijtjes,Small paintings
schilderiken ,Small painting
schilderitge,Small painting
schilderitges,Small paintings
Schilderitje,Small painting
schildery,Painting
schilderye,Painting
Schilderyen,Paintings
schilderyken,Small painting
schilderytge,Small painting
schilderytgen,Small painting
schilderytgens ,Small paintings
Schilderytges,Small paintings
Schilderytie,Small painting
Schilderytje,Small painting
Schilderytjes,Small paintings
schilerijen,Paintings
Schillingen,
Schilpatskoffertje,
Schoen,
Schoenen,
schoengespen,
schoenneussen,
Schoentjes,
schokolaetkopjes,
Scholteltie,
Schoorsteen,
schoorsteencleetje,Small mantelpiece coverings
Schoorsteenkleden,Mantelpiece coverings
Schoorsteenkleet,Mantelpiece covering
schoorsteenvalletje,
Schoorsteeval,
Schootels,
schop,
Schopje,
schorsteenveger,
schorstiencleet,Mantelpiece covering
Schort,
Schorteldoecken,
Schorteldoek,Apron cloth
Schortt,
Schotelen,Dishes
schoteljes,Small dishes
Schotels,Dishes
schoteltjes,Small dishes
Schottelien,Dishes
schotteljes,Small dishes
Schottels,Dishes
schouwermantel,
Schraeghtaeffetlje,
Schragen,
schrijfcomptoirtje,
Schrijffalmanach,
Schrijffboeckjens,
Schroeven,
Schuijer,
Schuijmspaen,Skimmer
Schuijmspanen,Skimmers
Schuijntjens,
Schuimspaen,Skimmer
schulpschaelen,
Schultbrieff,
schurteldoeck,Apron cloth
Schutje,
Schutjens,
Schutt,
Schuttelen,
Schuyertje,
Schuymspaen,Skimmer
Secoup,
Secreetkoffertje,
Sedtbol,
Seef,Sieve
seeschilderijtje,
seinjoortie,
Sermoenboecken,
Sermoonboeck,
Servetgoet,
Servetten,Napkins
servies,
Servietpars,
Servietten,
Sethaeckpasser,
silver,Silver
silverdraat,
Silvergeldt,
silverwerck,
silverwerck,
Siocken,
Sitbanck,
Sitbancken,
Sitbanckje,
Sitstoelen,
Slaamantje,
Slaapbank,Sofa bed
slaaplaackens,
slaaplakens,
slaapmutsen,
Slaepbanck,Sofa bed
Slaeplaeckens,
Slaeplakens,
Slaepmuts,Night cap
Slaepmutsen,Night caps
Slaghhoralogie,
slaghlijnnen,
Slangh,
slangring,
Sleutelreex,Key sequence
Sleuteltje,
Sleuteltjens,
Slijpsteentjes,
Sloop,Case
Sloopen,Cases
Sloopjens,
slootje,
slootjens,
slootjes,
slopen,Cases
slot,Lock
Sloten,Locks
Sluijertjens,
Sluijtjas,
smaldoeck,
Smeltkroese,
Smeltring,
Snel,
snoerpaarlen,
snoertjen,
snuijdoosjes,
Snuijfdoos,
Snuijsteringh,
Snuijter,
Snuijterbackje,
Snuijters,
snuiter,
Socken,
soldaetsgeselschapje,
Soldertje,
somerhoetjes,
Somertje,
Soudtvat,Salt barrel
Sousiertie,
Souspannetje,Small sauce pan
Sout,Salt
soutvaet,Salt barrel
Soutvaetje,Small salt barrel
Soutvaetjens,Small salt barrels
Soutvaetjes,Small salt barrels
Soutvat,Salt barrel
Soutvaten,Salt barrels
Souvadt,Salt barrel
Spawaterskannen,
Speck,
Speckcuijpgens,
Speckkuijpje,
Speelwagen,
Speetje,
Speldekussentje,
spelden,
speldesackijen,
Spelkom,
Spiegel,Mirror
spiegeltgen,Small mirror
Spiegeltie,Small mirror
spiegeltjen,Small mirror
Spijkerlaa,
Spinnewiel,Spinning wheel
Spit,
Splintermantien,
spocerij,
Spoelkom,
spoelkommen,
spoelkommeties,
spokerij,
spokerije,
spokerytje,
sponingschaven,
Spoten,
Spree,Bedspread
Spreen,
Spreetje,Small bedspread
Sprei,Bedspread
Spreij,Bedspread
spreitjen,Small bedspread
Spuijt,
Spupotje,
Spuwpotje,
Staecker,
Stallen,
Stamper,
Stampers,
Standaert,
Standert,
statue,
Steecbijl,
Steel,
Steelen,
Steen,
Steenbeelt,
steenen,
steentjens,
steentjes,
Stel,
Stellagiehout,
Stempels,
Sticklijff,
Stier,
stiffjens,
Stiften,
stiftjes,
Stileven,Still life
stillevens ,Still lifes
stilleventje,Small still life
stillleven,Still life
Stock,Stick
Stocken,Sticks
Stoel,Chair
Stoelcussens,Chair pillows
Stoelemakerssaegh,
Stoelen,
Stoelkussens,
Stoellen,Chairs
Stoelpot,
Stoeltje,Small chair
Stoeltjens,Small chairs
Stoffen,
Stoffer,
Stolp,
Stolpbord,
Stolpborden,
Stolpen,
Stooff,
Stooffpan,Stewing pan
Stooffpansdexel,
stooffpasjen,
stooffploegjens,
Stooters,
Stooven,
stopseltie,
stormhoedt,
Stormzeestuckjens,
Stoven,
Strandschilderijtje,
Strandtschilderijtje,
Strantschilderijtje,
strickijen,
strickijes,
Strijckijser,Flatiron
strijckiser,Flatiron
strijkijsers,Flatirons
strikjes,
strikken,
Stroo,
Stroohoet,Straw hat
Strookaper,
Stroomatras,
Stuck,
Stucke,
stucken,
stuckge,
stuckgen ,
stuckijen,
stuckijens,
Stuckje,
Stuckjens,
stuckxiens,
stuckxken,
Studeermannetje,
Stuijvers,
Stulp,
Suijckerpotten,
Suijker,Suger
suijkerbroot,
Suijkerpot,Sugar bowl
suijkerpott,Sugar bowl
Suijkerpotte,Sugar bowl
suijkerschoteltie,
Swachtel,
swaeijen,
swaenties,
tabackdrinckers,
tabackstoppertjen,
Tabacxdoosje,
Tabak,Tobacco
Tabaksconfoor,
Tabaksconvoir,
tabaksconvoortie,
Tabaksdoos,Tobacco box
Tabaxdoos,Tobacco box
tabaxroockertje,
Tabbaert,
Tabbaertgen,
Tabbart,
Tabeletje,
Tabriel,
tabrieltien,
Taefel,Table
Taefelborden,
Taefellaecken,
Taefeltgen,
taefereel,
taefereelken,
taefereelswijse,
taefereeltgen ,
Taeffel,Table
Taeffelborden,
Taeffelbort,
Taeffelcleet,Tablecloth
Taeffelkandelaers,
Taeffellaeckens,
Taeffellakens,
Taeffeltje,
taeffereel,
Taeffetlje,
Taertpan,
Tafelblad,
Tafelborden,
tafelgoet,
Tafelkleed,Tablecloth
Tafelkleetje,Small tablecloth
tafellaacken,Tablecloth
tafellackentjens,Small tablecloths
Tafellakens,Tablecloths
Tafelmat,
Tafels,
Tafeltie,
tafeltjen,
Tafereel,
tafereeltje,
Taferreel ,
Taffeltje,
taffereel ,
taffereeltje,
tafreeltge,
Tandestoocker,Toothpick
Tandestoockertje,Little toothpick
Tandestoockertjes,Little toothpicks
Tang,Tongs
Tangen,
Tangetje,
Tangh,Tongs
Tantstoker,Toothpick
Tapijt,Tapestry
tapijtie,Little tapestry
tapijtschilderij,
Tas,
Tasje,
Tassen,
teckening,
teckeningen,
Tee,
Teeckeninckjens ,
Teeckeningh,Painting
teepot,Teapot
teetafeltie,
teickeningh ,Painting
Teijckening,Painting
teijckeninge ,Painting
teijckeningen,Paintings
Teijckeningh,Painting
teijkeningen,Paintings
Tekeningen,Paintings
telioren,
teljoortjes,
Teljoren,
Tessje,
test,
Testament,
testamentjen,
testamintje,
Thee,
theeblaadje,
Theegoed,
Theegoet,
Theeketels,Teakettle
theetabeletje ,
Thresoor,
tierentaij,
Tijntjes,
tobackdrincker,Painting of a tobacco smoker and drinker
tobackdrinckers,Painting of a tobacco smokers and drinkers
Tobackdrinckertjes,Painting of a tobacco smokers and drinkers
tobackdrinckster,Painting of a tobacco smoker and drinker
tobackrookertje,Painting of a tobacco smoker
Tobacksuijger,
Tobacxdoos,
Tobbe,Tub
Tobben,Tubs
Tobbens,Tubs
Tobbetge,Small tub
Tobbetje,Small tub
toebacxmannetje,Painting of a tobacco smoker and drinker
Toneel,
Tonnestoel,
tonnetie,Little barrel
Tonnetje,Little barrel
toonback,Counter
Toonbanck,Counter
Tooneel,
Toonneel,
Toubackdrincker,
Tovenaartje,
Toverijtge,
Tractaet,
Tractaetjens,
Tractaten,
Trapje,
Trebelet,
trebeletijzers,
Trechter,Well
Treckmutsen,
Treckpijcken,
Trecktaeffel,
Trecktaeffeltje,
Trecktafel,
Treeft,
Tregter,Well
Trekbank,
Trekpars,
trekpot,
Trekpotje,
trekpotjes,
Trekpotten,
Trepotjes,
Tresoor,
Tresoortje,
tresoortjen,
Tresoortjes,
Tresoren,
triumph-boeck,
Trommel,
Trommeltje,
Troni,
Tronie,
tronien,
troniens ,
Tronijtge,
tronitge,
tronitgens,
Tronitges,
Tronitie,
Tronitien,
tronitjes ,
tronje,
trony ,
tronybordekens,
tronye,
tronyebordekens,
tronyen ,
Tronyetiens,
tronys,
Tronytge,
Tronytgen,
tronytgens,
tronytiens,
Tronytje,
Tronytjens,
Troonie,
Troupenningh,
Trouwpenning,
Tuijchje,
Tuijgen,
Tuijgers,
Tuijgh,
tuijghje,
tuijtflesjen,
tuijtkannetie,
Tuijtkannetje,
Tuijtkannetjens,
Tuijtvles,
Turf,Peat
Turff,Peat
Turfftonnetje,Little peat barrel
uijthanckbort,
Uijthanghbeckens,Sign board
Urewercken,Clocks
Vaendel,
vaendrager,
Vaetje,Keg
Vaetjens,Little kegs
Vaetwerck,
Val,
Valhoetje,
valletge,
Valletgen,
valletie,
valleties,
Valletje,
Valletjens,
valletjes,
vanetas,Vanitas painting
Vanitas,Vanitas painting
Vat,
Vatgen,
Vatjens,
veegertjes,
Vell,
Vellen,
Veltbeeckertje,
vensters,
Verciersel,
Vergiettessje,
Verlichterije,
Vierendels,
Vierpotje,
Vijle,
Vijlen,
Vijsel,Mortar
Vijsseltje,
Vijzels,Mortars
Vingerhoeden,Thimbles
Vingerhoet,Thimble
vinnesoen,
Viool,
Visbortje,Fish plate
Vischbortje,Small fish plate
Vischketel,Meat boiler
Visketel,Meat boiler
Visketels,Meat boilers
Visketeltje,Little meat boiler
visschilderijtge,Small painting of fish
Visserijtgen,Painting of fish
Vleeschkuijp,Meat tub
Vleesgaffel,Meat fork
Vleesketel,Meat boiler
Vleeskuijpje,Little meat tub
Vleespot,Meat pot
Vleesvadt,Meat barrel
Vleijscuyp,Meat tub
Vleijskuijp,Meat tub
Vleijsvadt,Meat barrel
Vleijsvat,Meat barrel
vleiskuijp,Meat tub
Vles,Bottle
Vlesje,Little bottle
vlesjes,Little bottles
Vlessen,Bottles
vlesten,
Vlieger,
Vliegher,
Vlieghers,
Vloermatten,
Voetbanckjen,
Voetflesch,
Voetjens,
Voetstoven,
Voetvlesje,
vogelkooijtjens,Little bird's cages
vogelkouw,Bird's cage
Vogelkouwen,Bird's cages
Vogelkouwetjens,Little bird's cages
Vogelstruijseijerdoppe,Egg shells of an ostrich
Voorlopers,
Voormouwen,
voorschoden,
voorschort,
Voorstoven,
Vorck,Fork
Vorckien,Forks
Vorckje,
vorkje,
Vorm,
Vormborden,
Vormuijs,
Vossedeecken,
Vossenstaerten,
Vroedschapspenning,
Vroedschapspenning,
vrongh,
Vrouwegoet,Women's clothes
vrouwehantschoenen,
Vrouwehorloge ,
Vrouweklederen,Women's clothes
Vrouwenbeelde,
vrouwenbeeltien ,
vrouwenconterfeijtsels,Painting of a woman
Vrouwenhemden,
Vrouwenhemdt,
Vrouwestoel,
vrouwetroni,Portrait of woman
Vrouwetronie,Portrait of woman
vrouwetronien,Portraits of women
Vuurplaet,
Vuurtest,
Waefelijser,Waffle-iron
Waeffelijser,Waffle-iron
wafelijser,Waffle-iron
Wagens,
waijer,
Wambas,Jerkin
Wambasje,
Wambassen,
Wandelstock,Walking stick
Wandelstocken,Walking sticks
Wanten,Mittens
Wapen,
Wapenbordt,Coat of arms
wapenbort,Coat of arms
Wapenbortje,Little coat of arms
Wapenringen,
Wapens,Weapons
wapentje,
Warmoesschottelien,
Waschbecken,
Waslichtskandelaer,
Wastobben,
Wastobbens,
watercasteeltje,
Wateremmer,Water bucket
Wateremmers,Water buckets
Waterkens,
Waterpot,
Waterpott,
Waterpotten,
Waterspuijt,
watertge ,
Watertgen,
watertien,
Watertje,
watervles,
Weeghdeeckenties,
Weeghkussenties,
Weereltcaerte,
weerglas,
wercken,
Werckradt,
Weringh,
Werkbanken,
Wetbanckje,
wiegh,
Wijn,
Wijnborden,
Wijnglaasen,
wijnglase,Wine glass
Wijnkan,Wine jug
wijnkanne,Wine jug
Wijnkannetje,Wine jug
wijnkannetjens,Wine jugs
Wijnpinte,Wine pint
wijnschaeltje,
Wijnsteen,
Wijtschip,
Wijwatersvaetje,
Wijwatervatgen,
Winterken,Painting of a winter landscape
Winterstuckje,Painting of a winter landscape
wintertien ,Painting of a winter landscape
Wintertje,Painting of a winter landscape
Wintertjen,
Wollegoet,
Wollen,
zakmesje,Pocket knife
zeeattlas,Sea atlas
Zeebatalie,Painting of a sea battle
zeekasteeltje,
zeeschilderijtgens,Little marine painting
zeeschilderijtje,Little marine painting
Zeestormpje,
Zeestormtje,
Zeestuck,Marine painting
Zeestucken,Marine painting
Zeestuckens,Marine paintings
zeestuckien,Marine painting
Zeestuckje,Marine painting
Zeestuckjes,Marine paintings
Zeetge,Marine painting
Zeetgen,Marine painting
Zeetje,Marine painting
Zeetjes,Marine paintings
zeevaertge,
Zeevaertje,
Zeijlen,
